"","gen","predicted.value","std.error","status","weight","Environment"
"1","geno_01",1369.38934981871,77.6547333906664,"Estimable",0.000234441430309434,"loc_01"
"2","geno_02",1368.9846893444,76.5532837653899,"Estimable",0.000236655260955072,"loc_01"
"3","geno_03",1419.66082298364,76.5392228374707,"Estimable",0.00023555982183092,"loc_01"
"4","geno_04",1405.2958608699,75.4461790181157,"Estimable",0.000236652462835473,"loc_01"
"5","geno_05",1387.57524093693,75.5965985951085,"Estimable",0.00023557264174396,"loc_01"
"6","geno_06",1389.30789130925,74.5414412675005,"Estimable",0.000237019140665965,"loc_01"
"7","geno_07",1385.76649365774,75.7539060043678,"Estimable",0.000237127217553377,"loc_01"
"8","geno_08",1487.35604298868,75.0162974080585,"Estimable",0.000237334868040125,"loc_01"
"9","geno_09",1394.1291200719,76.8905706029654,"Estimable",0.000236448063831207,"loc_01"
"10","geno_10",1367.38932342986,75.9059697339071,"Estimable",0.000236396314717039,"loc_01"
"11","geno_11",1388.64783416243,78.4198340194628,"Estimable",0.00023105789765009,"loc_01"
"12","geno_12",1416.25583144348,78.7376943658895,"Estimable",0.000232576608529828,"loc_01"
"13","geno_13",1382.68763538554,79.8090836686243,"Estimable",0.000227915750555222,"loc_01"
"14","geno_14",1413.85080628378,76.3843516877698,"Estimable",0.000235444517065137,"loc_01"
"15","geno_15",1408.62430770581,78.0079212041378,"Estimable",0.000233955945543879,"loc_01"
"16","geno_16",1374.22244555261,74.9246228813109,"Estimable",0.000237821888460792,"loc_01"
"17","geno_17",1420.18040464804,77.1025920476107,"Estimable",0.000233751939595782,"loc_01"
"18","geno_18",1366.36587513921,74.8534131690603,"Estimable",0.000238166700213408,"loc_01"
"19","geno_19",1437.21579472248,75.7581271211808,"Estimable",0.00023499313381886,"loc_01"
"20","geno_20",1401.05818321877,75.1254130690981,"Estimable",0.000236790849823446,"loc_01"
"21","geno_21",1415.92310922131,76.4152414291601,"Estimable",0.000234573513044159,"loc_01"
"22","geno_22",1363.61803784497,76.652075131058,"Estimable",0.000237118261375121,"loc_01"
"23","geno_23",1351.84546493373,78.9577416927324,"Estimable",0.00023076558092676,"loc_01"
"24","geno_01",3248.74026746783,476.522318726924,"Estimable",7.31072824879374e-06,"loc_02"
"25","geno_02",2813.7536362572,469.101634872855,"Estimable",8.23080495265989e-06,"loc_02"
"26","geno_03",3541.87953840969,462.282572613279,"Estimable",8.23080495265989e-06,"loc_02"
"27","geno_04",3181.8903723726,463.191019871965,"Estimable",8.2311826837071e-06,"loc_02"
"28","geno_05",3690.88340714169,462.814086292254,"Estimable",8.23118268370525e-06,"loc_02"
"29","geno_06",2809.83087035178,463.343927434617,"Estimable",8.2311827355263e-06,"loc_02"
"30","geno_07",3606.81093878179,463.331341373101,"Estimable",8.23080497856736e-06,"loc_02"
"31","geno_08",3925.60576012701,462.047711600761,"Estimable",8.23080495265989e-06,"loc_02"
"32","geno_09",3096.00231154225,460.629282598058,"Estimable",8.2308049526599e-06,"loc_02"
"33","geno_10",4060.15834202444,461.20855474513,"Estimable",8.23118270960978e-06,"loc_02"
"34","geno_11",2889.20957488878,459.475432263633,"Estimable",8.23029925737807e-06,"loc_02"
"35","geno_12",4419.3515841792,465.269454957718,"Estimable",7.31117691977451e-06,"loc_02"
"36","geno_13",3903.8031412281,482.535281551041,"Estimable",5.8062531842172e-06,"loc_02"
"37","geno_14",3230.58991051041,457.573978041559,"Estimable",8.23118273552618e-06,"loc_02"
"38","geno_15",3653.862709701,466.209652240556,"Estimable",7.31080540174818e-06,"loc_02"
"39","geno_16",2974.96919927826,459.80835040111,"Estimable",8.23156118978662e-06,"loc_02"
"40","geno_17",3773.49430341787,465.603843468936,"Estimable",7.31168260957774e-06,"loc_02"
"41","geno_18",3613.04310938378,460.00343180271,"Estimable",8.23156118978662e-06,"loc_02"
"42","geno_19",3023.54575932828,466.284760773243,"Estimable",7.61821875785999e-06,"loc_02"
"43","geno_20",3529.90522728601,460.737871504536,"Estimable",8.23118268369636e-06,"loc_02"
"44","geno_21",2943.30476322541,460.786249418641,"Estimable",8.20104607215468e-06,"loc_02"
"45","geno_22",3635.61281704855,457.885588896868,"Estimable",8.23156121563215e-06,"loc_02"
"46","geno_23",2476.00667618589,472.946968540857,"Estimable",6.41928421167486e-06,"loc_02"
"47","geno_01",1638.65340162526,143.882845910381,"Estimable",9.32577747734479e-05,"loc_03"
"48","geno_02",926.616485308416,138.503708473377,"Estimable",0.000104845329423861,"loc_03"
"49","geno_03",1868.55734571572,143.834295293979,"Estimable",0.00010256954592731,"loc_03"
"50","geno_04",1342.50606224026,127.451253533113,"Estimable",0.000112978512533896,"loc_03"
"51","geno_05",1951.94682412313,142.320407275344,"Estimable",0.00011293321746448,"loc_03"
"52","geno_06",1553.35405222921,133.455167064871,"Estimable",0.000113916885272883,"loc_03"
"53","geno_07",1462.0911326551,127.649483264878,"Estimable",0.000106384172657201,"loc_03"
"54","geno_08",1638.01459300122,132.346775478001,"Estimable",0.000107008771315477,"loc_03"
"55","geno_09",1497.45729135961,139.638452869772,"Estimable",0.000104288988664268,"loc_03"
"56","geno_10",1600.92680007035,123.593675765318,"Estimable",0.000113046117575293,"loc_03"
"57","geno_11",1175.28573407335,170.105683108694,"Estimable",7.27221084293537e-05,"loc_03"
"58","geno_12",1858.90870169505,141.472342629108,"Estimable",9.88999864402909e-05,"loc_03"
"59","geno_13",1657.35006523142,155.930193228451,"Estimable",9.18466360835109e-05,"loc_03"
"60","geno_14",1667.88102137932,137.070939406869,"Estimable",0.000113666782241289,"loc_03"
"61","geno_15",1218.45782125424,140.463454291639,"Estimable",0.000119264120541201,"loc_03"
"62","geno_16",1173.98797104042,116.701055420023,"Estimable",0.000163283709310555,"loc_03"
"63","geno_17",788.483756614084,124.499699085975,"Estimable",0.000144362713259991,"loc_03"
"64","geno_18",1355.50994842481,111.441050504016,"Estimable",0.000163327581864874,"loc_03"
"65","geno_19",1811.46839654231,136.4737131064,"Estimable",0.000110346307792315,"loc_03"
"66","geno_20",1518.95098026608,122.986675674434,"Estimable",0.000113571208040755,"loc_03"
"67","geno_21",1398.2099457587,124.433944087931,"Estimable",0.000125699745315544,"loc_03"
"68","geno_22",1479.56792271478,117.186434202349,"Estimable",0.000163194365490878,"loc_03"
"69","geno_23",1381.60566506677,168.435784890038,"Estimable",9.57073424280776e-05,"loc_03"
"70","geno_01",8377.40386384713,572.508024336685,"Estimable",3.74343863518184e-06,"loc_04"
"71","geno_02",8280.0331689946,573.349620458713,"Estimable",3.7790458533267e-06,"loc_04"
"72","geno_03",8007.14816186505,572.922595946864,"Estimable",3.77904585332669e-06,"loc_04"
"73","geno_04",8439.80928460155,572.943709563248,"Estimable",3.86547185721337e-06,"loc_04"
"74","geno_05",8381.79884200182,572.256491626803,"Estimable",3.86547188027573e-06,"loc_04"
"75","geno_06",8311.53536356051,572.034727882403,"Estimable",3.86547225564291e-06,"loc_04"
"76","geno_07",7967.65842157395,573.04937459136,"Estimable",3.77904605149254e-06,"loc_04"
"77","geno_08",7836.19786647555,572.804019344697,"Estimable",3.77904585332664e-06,"loc_04"
"78","geno_09",8528.05623563711,572.616477062315,"Estimable",3.77904585332662e-06,"loc_04"
"79","geno_10",7781.80868504637,572.500725883938,"Estimable",3.86547203145703e-06,"loc_04"
"80","geno_11",8657.86921548716,576.350393130754,"Estimable",3.75656093261926e-06,"loc_04"
"81","geno_12",7804.36105709325,572.405099876291,"Estimable",3.75639343394519e-06,"loc_04"
"82","geno_13",8140.96049316429,570.859477922313,"Estimable",3.75733626990002e-06,"loc_04"
"83","geno_14",8687.75339927085,571.947132001777,"Estimable",3.86547229913188e-06,"loc_04"
"84","geno_15",7373.18974184853,572.853595749459,"Estimable",3.83694645760098e-06,"loc_04"
"85","geno_16",7709.95954971269,571.426286021648,"Estimable",3.95616919611877e-06,"loc_04"
"86","geno_17",8547.22612831748,570.522268314113,"Estimable",3.91580669291009e-06,"loc_04"
"87","geno_18",7719.43947896065,572.721320028399,"Estimable",3.95616919611868e-06,"loc_04"
"88","geno_19",7315.01667509661,571.456943732146,"Estimable",3.83294688800422e-06,"loc_04"
"89","geno_20",7557.48952366843,572.164606118755,"Estimable",3.86547176100516e-06,"loc_04"
"90","geno_21",7728.78536926077,568.973390361998,"Estimable",4.06137921013623e-06,"loc_04"
"91","geno_22",8236.37880242821,572.668436310821,"Estimable",3.95616955770003e-06,"loc_04"
"92","geno_23",7612.50420008025,572.952118855091,"Estimable",3.78949644831441e-06,"loc_04"
"93","geno_01",2707.02868748427,170.612961309934,"Estimable",7.42135725357093e-05,"loc_05"
"94","geno_02",2361.81884903122,169.605489183145,"Estimable",7.68153438002762e-05,"loc_05"
"95","geno_03",2371.2477756343,159.621555082275,"Estimable",8.66632241870905e-05,"loc_05"
"96","geno_04",1834.48055401624,167.892133731698,"Estimable",9.24373851878819e-05,"loc_05"
"97","geno_05",2514.768273581,162.514609856801,"Estimable",9.27860943340798e-05,"loc_05"
"98","geno_06",2093.25844258542,156.904468701213,"Estimable",0.000115756947809981,"loc_05"
"99","geno_07",2067.88583602817,158.677599922465,"Estimable",9.86302117466128e-05,"loc_05"
"100","geno_08",2460.90748958586,165.528627290073,"Estimable",8.92457038450758e-05,"loc_05"
"101","geno_09",1930.46006526442,158.055275649259,"Estimable",8.86040081985991e-05,"loc_05"
"102","geno_10",2307.88954577136,154.78874442079,"Estimable",0.000101989724833609,"loc_05"
"103","geno_11",2173.52406177104,162.33277498795,"Estimable",8.37706936631504e-05,"loc_05"
"104","geno_12",1762.77541475554,159.401936176525,"Estimable",8.24332752866965e-05,"loc_05"
"105","geno_13",1804.27896279067,172.814566968983,"Estimable",6.45590201630563e-05,"loc_05"
"106","geno_14",1686.97422973901,193.817303334528,"Estimable",5.27409230837616e-05,"loc_05"
"107","geno_15",2753.22540625517,160.896870462908,"Estimable",9.21044897676217e-05,"loc_05"
"108","geno_16",2455.10124435257,163.647972306599,"Estimable",0.000116611368794604,"loc_05"
"109","geno_17",2601.53500589375,161.681035948398,"Estimable",9.47658903939608e-05,"loc_05"
"110","geno_18",2531.98623635104,151.20097799588,"Estimable",0.000116567210100397,"loc_05"
"111","geno_19",2241.09016560241,153.427038263491,"Estimable",0.000107449726899722,"loc_05"
"112","geno_20",1883.22873456892,165.519777620979,"Estimable",9.24335423747605e-05,"loc_05"
"113","geno_21",2117.35083441762,146.807084480743,"Estimable",0.000141554608526331,"loc_05"
"114","geno_22",1419.58801811487,157.429789409902,"Estimable",0.000130243613911465,"loc_05"
"115","geno_23",2252.36641329513,159.725937700027,"Estimable",8.58616762300037e-05,"loc_05"
"116","geno_01",4577.93194844149,170.835092910686,"Estimable",0.000292860848566007,"loc_06"
"117","geno_02",4592.87414461431,171.046207581578,"Estimable",0.000293178367466769,"loc_06"
"118","geno_03",4580.23154521498,171.047075086542,"Estimable",0.000293178367466769,"loc_06"
"119","geno_04",4587.05452404117,171.14238893251,"Estimable",0.000293157645610686,"loc_06"
"120","geno_05",4593.74889143759,171.142303723157,"Estimable",0.000293157645636617,"loc_06"
"121","geno_06",4577.79916684063,171.141990425125,"Estimable",0.000293157647229625,"loc_06"
"122","geno_07",4574.34981383273,171.047209953127,"Estimable",0.000293178368270559,"loc_06"
"123","geno_08",4579.49635705207,171.047078521702,"Estimable",0.000293178367466769,"loc_06"
"124","geno_09",4585.93895005811,171.045893984788,"Estimable",0.00029317836746677,"loc_06"
"125","geno_10",4594.30380231981,171.142099758806,"Estimable",0.000293157646360229,"loc_06"
"126","geno_11",4570.64866632848,171.138474543198,"Estimable",0.000293039122130709,"loc_06"
"127","geno_12",4586.78723212924,170.843364226581,"Estimable",0.000292750016090358,"loc_06"
"128","geno_13",4588.32313180942,170.566157960768,"Estimable",0.000292078280795109,"loc_06"
"129","geno_14",4588.28399515701,171.089248248975,"Estimable",0.000293157647248228,"loc_06"
"130","geno_15",4584.69216933045,170.945560257912,"Estimable",0.000292939589254878,"loc_06"
"131","geno_16",4574.75493591471,171.179451354342,"Estimable",0.000293333136986871,"loc_06"
"132","geno_17",4569.10148706032,171.010575885665,"Estimable",0.000293004013143997,"loc_06"
"133","geno_18",4587.0042094123,171.179449557741,"Estimable",0.000293333136986872,"loc_06"
"134","geno_19",4573.15137694247,170.969310473685,"Estimable",0.000292854626446441,"loc_06"
"135","geno_20",4589.65179643786,171.091431568099,"Estimable",0.000293157645499473,"loc_06"
"136","geno_21",4593.33881176147,171.19409941391,"Estimable",0.000293614775129971,"loc_06"
"137","geno_22",4579.329687824,171.178058906456,"Estimable",0.000293333138004768,"loc_06"
"138","geno_23",4586.46419841141,170.688336917837,"Estimable",0.000292397136051674,"loc_06"
"139","geno_01",6503.85928641338,428.636544607962,"Estimable",5.55065704722237e-06,"loc_07"
"140","geno_02",5374.39718442356,311.143942766707,"Estimable",1.0369988071536e-05,"loc_07"
"141","geno_03",7306.71764805349,316.352370434055,"Estimable",1.0113432051427e-05,"loc_07"
"142","geno_04",6463.05346819599,320.679155101084,"Estimable",1.00180777179636e-05,"loc_07"
"143","geno_05",8598.96934645163,324.388214497867,"Estimable",9.8359975880492e-06,"loc_07"
"144","geno_06",7728.82653554709,320.187811554437,"Estimable",1.00407643332473e-05,"loc_07"
"145","geno_07",6572.71574561854,311.143869957297,"Estimable",1.03699925994654e-05,"loc_07"
"146","geno_08",7902.9555587124,310.145015275453,"Estimable",1.0417503701077e-05,"loc_07"
"147","geno_09",6375.5825978798,310.167394014085,"Estimable",1.04174955809602e-05,"loc_07"
"148","geno_10",7517.09505923737,320.335001643027,"Estimable",1.00291185730853e-05,"loc_07"
"149","geno_11",6339.88622752857,332.485140782244,"Estimable",9.38971695814715e-06,"loc_07"
"150","geno_12",7795.40184283625,320.07329611534,"Estimable",1.00444208578536e-05,"loc_07"
"151","geno_13",7911.25742999455,320.161169792965,"Estimable",1.00407294020201e-05,"loc_07"
"152","geno_14",7525.71983836233,323.392776598441,"Estimable",9.86911956695334e-06,"loc_07"
"153","geno_15",8146.91754028955,310.14529168578,"Estimable",1.04174881517069e-05,"loc_07"
"154","geno_16",7649.92913475752,311.143788956566,"Estimable",1.0369996683233e-05,"loc_07"
"155","geno_17",8458.64296146734,318.82743888482,"Estimable",9.98990008942693e-06,"loc_07"
"156","geno_18",7212.3089688377,310.144971742535,"Estimable",1.04175075567828e-05,"loc_07"
"157","geno_19",7437.33714674105,324.318897120145,"Estimable",9.83599483218235e-06,"loc_07"
"158","geno_20",6458.44510495204,320.160574241741,"Estimable",1.00407635435676e-05,"loc_07"
"159","geno_21",6433.43270749867,316.286961885636,"Estimable",1.01134341225873e-05,"loc_07"
"160","geno_22",6377.53980197778,309.37714650424,"Estimable",1.04555080657447e-05,"loc_07"
"161","geno_23",7722.69947309726,320.056876793415,"Estimable",1.00444184605398e-05,"loc_07"
"162","geno_01",8044.9085115545,355.455037817673,"Estimable",9.73503360624255e-06,"loc_08"
"163","geno_02",7865.40109593886,353.167441737421,"Estimable",9.96274463259341e-06,"loc_08"
"164","geno_03",7763.16733339074,353.02131703909,"Estimable",9.96274463259342e-06,"loc_08"
"165","geno_04",7247.34594954034,353.171352731132,"Estimable",9.96274463259341e-06,"loc_08"
"166","geno_05",8209.59297323483,353.141119199634,"Estimable",9.96274463259342e-06,"loc_08"
"167","geno_06",7911.89045225286,353.247465799486,"Estimable",9.96274463259341e-06,"loc_08"
"168","geno_07",7795.21612634044,353.171352731132,"Estimable",9.96274463259341e-06,"loc_08"
"169","geno_08",7879.23572672147,353.206475031165,"Estimable",9.96274463259341e-06,"loc_08"
"170","geno_09",7207.38980455782,353.167441737421,"Estimable",9.96274463259341e-06,"loc_08"
"171","geno_10",8394.41401311235,353.206475031165,"Estimable",9.96274463259341e-06,"loc_08"
"172","geno_11",8301.85647726499,353.120689175576,"Estimable",9.96274463259341e-06,"loc_08"
"173","geno_12",8077.12070562928,353.166888047359,"Estimable",9.96274463259341e-06,"loc_08"
"174","geno_13",7472.84142452982,355.490438896962,"Estimable",9.73503360624254e-06,"loc_08"
"175","geno_14",8286.54155767216,353.166888047359,"Estimable",9.96274463259341e-06,"loc_08"
"176","geno_15",8749.84948411651,353.010686357807,"Estimable",9.96274463259341e-06,"loc_08"
"177","geno_16",7805.2711977441,353.141119199634,"Estimable",9.96274463259341e-06,"loc_08"
"178","geno_17",7216.68126569944,353.010686357807,"Estimable",9.96274463259342e-06,"loc_08"
"179","geno_18",7862.8427502206,353.031264659225,"Estimable",9.96274463259341e-06,"loc_08"
"180","geno_19",8087.96735876627,355.437550767558,"Estimable",9.73503360624255e-06,"loc_08"
"181","geno_20",7774.88942059202,353.120689175576,"Estimable",9.96274463259341e-06,"loc_08"
"182","geno_21",6829.09264318104,355.437550767558,"Estimable",9.73503360624254e-06,"loc_08"
"183","geno_22",8123.98942097548,355.490438896963,"Estimable",9.73503360624255e-06,"loc_08"
"184","geno_23",7672.11282844299,355.455037817673,"Estimable",9.73503360624255e-06,"loc_08"
"185","geno_01",946.914066257134,30.8419413944468,"Estimable",0.0011135843145229,"loc_09"
"186","geno_02",1012.71091387156,30.4744852413091,"Estimable",0.00114529596197389,"loc_09"
"187","geno_03",851.321767695241,30.5467369774742,"Estimable",0.00114235539110888,"loc_09"
"188","geno_04",892.03091879641,30.4575609004779,"Estimable",0.00114175374396095,"loc_09"
"189","geno_05",1016.66375883245,30.5673569552243,"Estimable",0.0011397815040158,"loc_09"
"190","geno_06",782.479435790249,30.4334279182766,"Estimable",0.00114627694613036,"loc_09"
"191","geno_07",891.531959581216,30.4728061539145,"Estimable",0.00114529657311625,"loc_09"
"192","geno_08",903.535022941822,30.5030953150499,"Estimable",0.00113656189165718,"loc_09"
"193","geno_09",1042.86618638743,30.5639686672947,"Estimable",0.00113656173420288,"loc_09"
"194","geno_10",1086.93312168972,30.4311856429372,"Estimable",0.00114595375681526,"loc_09"
"195","geno_11",1086.32567717885,31.1615975070702,"Estimable",0.00110197903745667,"loc_09"
"196","geno_12",924.453222397467,30.448896157499,"Estimable",0.00114384507454368,"loc_09"
"197","geno_13",941.248757888828,30.5789199537999,"Estimable",0.00113006815387647,"loc_09"
"198","geno_14",922.584558623986,30.6641528884803,"Estimable",0.00112940936476847,"loc_09"
"199","geno_15",1015.11499805355,30.6167458693199,"Estimable",0.00113656002247011,"loc_09"
"200","geno_16",1068.83636737838,30.4445483126872,"Estimable",0.0011452964273646,"loc_09"
"201","geno_17",1069.39869636446,31.2120226871395,"Estimable",0.00109409165087245,"loc_09"
"202","geno_18",1099.04968822726,30.4293776546876,"Estimable",0.00114595385356873,"loc_09"
"203","geno_19",1020.95677136063,30.6425370749013,"Estimable",0.00112065071854019,"loc_09"
"204","geno_20",1132.4007295451,30.4376788701745,"Estimable",0.00114627685282729,"loc_09"
"205","geno_21",1116.04952594473,30.7706688009946,"Estimable",0.00112239221312696,"loc_09"
"206","geno_22",988.881917212503,30.5796482409855,"Estimable",0.00112968020739478,"loc_09"
"207","geno_23",957.908929001264,30.5900967840953,"Estimable",0.00112989801380383,"loc_09"
"208","geno_01",2018.77448613751,248.560227054828,"Estimable",2.13324918094155e-05,"loc_10"
"209","geno_02",2098.50037096478,246.9875763708,"Estimable",2.18636714764714e-05,"loc_10"
"210","geno_03",2099.17416690384,246.881067099759,"Estimable",2.18636714764714e-05,"loc_10"
"211","geno_04",1806.960659517,246.991007045251,"Estimable",2.18636714764714e-05,"loc_10"
"212","geno_05",1732.18276497284,246.97090967628,"Estimable",2.18636714764714e-05,"loc_10"
"213","geno_06",1993.2168274644,247.051261448944,"Estimable",2.18636714764714e-05,"loc_10"
"214","geno_07",1943.05365692632,246.991007045251,"Estimable",2.18636714764714e-05,"loc_10"
"215","geno_08",1933.82044403914,247.022900703925,"Estimable",2.18636714764714e-05,"loc_10"
"216","geno_09",1703.01312733984,246.9875763708,"Estimable",2.18636714764714e-05,"loc_10"
"217","geno_10",2406.77337603659,247.022900703925,"Estimable",2.18636714764714e-05,"loc_10"
"218","geno_11",2441.22039514737,246.955190453253,"Estimable",2.18636714764714e-05,"loc_10"
"219","geno_12",1931.75388984195,246.98710599642,"Estimable",2.18636714764714e-05,"loc_10"
"220","geno_13",2017.30473920576,248.58392650831,"Estimable",2.13324918094155e-05,"loc_10"
"221","geno_14",2168.24497304142,246.98710599642,"Estimable",2.18636714764714e-05,"loc_10"
"222","geno_15",2564.40698218516,246.872867525731,"Estimable",2.18636714764714e-05,"loc_10"
"223","geno_16",1973.59786144639,246.970909676279,"Estimable",2.18636714764714e-05,"loc_10"
"224","geno_17",2431.23107652648,246.872867525731,"Estimable",2.18636714764714e-05,"loc_10"
"225","geno_18",1930.68638195338,246.885521846025,"Estimable",2.18636714764714e-05,"loc_10"
"226","geno_19",1859.83009796754,248.5472143491,"Estimable",2.13324918094155e-05,"loc_10"
"227","geno_20",1922.7795255765,246.955190453253,"Estimable",2.18636714764714e-05,"loc_10"
"228","geno_21",1615.5959638201,248.5472143491,"Estimable",2.13324918094155e-05,"loc_10"
"229","geno_22",1924.75209543316,248.58392650831,"Estimable",2.13324918094155e-05,"loc_10"
"230","geno_23",2643.70997742722,248.560227054828,"Estimable",2.13324918094155e-05,"loc_10"
"231","geno_01",1332.92814878321,107.756928255255,"Estimable",9.22843345713272e-05,"loc_11"
"232","geno_02",1491.07337135484,105.927837759454,"Estimable",9.63174213006891e-05,"loc_11"
"233","geno_03",1310.67474587573,104.580681272373,"Estimable",9.63174213009034e-05,"loc_11"
"234","geno_04",1526.46001388557,104.314468723778,"Estimable",9.7351984696552e-05,"loc_11"
"235","geno_05",1302.98542748609,104.561497574206,"Estimable",9.73519811657458e-05,"loc_11"
"236","geno_06",1709.82598135386,105.195211585945,"Estimable",9.73519120683423e-05,"loc_11"
"237","geno_07",1494.42667433396,104.650418956352,"Estimable",9.63173962253563e-05,"loc_11"
"238","geno_08",1584.52430310491,104.553827727999,"Estimable",9.63174213013504e-05,"loc_11"
"239","geno_09",1418.75011741368,104.780564778728,"Estimable",9.63174213005998e-05,"loc_11"
"240","geno_10",1630.46965410403,105.328805094091,"Estimable",9.73519623560605e-05,"loc_11"
"241","geno_11",1680.34019554218,109.048109939501,"Estimable",9.05626866222363e-05,"loc_11"
"242","geno_12",1352.13397155855,108.479124343552,"Estimable",9.07756630672869e-05,"loc_11"
"243","geno_13",1355.18496416835,108.843716568608,"Estimable",8.7522831954815e-05,"loc_11"
"244","geno_14",1494.4618713679,104.790130544656,"Estimable",9.73518660456201e-05,"loc_11"
"245","geno_15",1399.8950403614,104.789162092028,"Estimable",9.59153721778741e-05,"loc_11"
"246","geno_16",1418.31545753241,102.444029699466,"Estimable",0.00010344084281147,"loc_11"
"247","geno_17",1312.79816820219,104.498107951214,"Estimable",9.90066395136636e-05,"loc_11"
"248","geno_18",1308.86823497259,103.189789324034,"Estimable",0.000103440842810746,"loc_11"
"249","geno_19",1392.99881844571,106.454071536171,"Estimable",9.47595074767944e-05,"loc_11"
"250","geno_20",1486.64701351183,104.998944110934,"Estimable",9.73519129183211e-05,"loc_11"
"251","geno_21",1384.41623815334,100.781342356033,"Estimable",0.000109945326411772,"loc_11"
"252","geno_22",1665.34553854495,103.452330059621,"Estimable",0.000103440830948406,"loc_11"
"253","geno_23",1447.82248415185,109.419995056252,"Estimable",9.0401020436416e-05,"loc_11"
"254","geno_01",1970.9242850911,209.384525216492,"Estimable",3.81148318693892e-05,"loc_12"
"255","geno_02",1871.19134173418,201.804402997748,"Estimable",4.46621478184343e-05,"loc_12"
"256","geno_03",2471.3517772628,198.773653008507,"Estimable",4.46654911908219e-05,"loc_12"
"257","geno_04",2293.50502823727,199.850870406481,"Estimable",4.24317511067712e-05,"loc_12"
"258","geno_05",2079.9775208722,199.701742922865,"Estimable",4.25728212314992e-05,"loc_12"
"259","geno_06",1772.30191135746,195.561529041447,"Estimable",4.70369878521421e-05,"loc_12"
"260","geno_07",1738.70607664979,197.151741606673,"Estimable",4.6872711548501e-05,"loc_12"
"261","geno_08",2565.25053272587,198.133248939054,"Estimable",4.46100542956868e-05,"loc_12"
"262","geno_09",1744.90144770814,198.522938481228,"Estimable",4.46026144634831e-05,"loc_12"
"263","geno_10",2018.37675595577,197.325546094616,"Estimable",4.47466246290164e-05,"loc_12"
"264","geno_11",1756.65528113974,194.881657156886,"Estimable",4.64486952158194e-05,"loc_12"
"265","geno_12",2110.57337773895,199.168911000991,"Estimable",4.07540957746413e-05,"loc_12"
"266","geno_13",2108.44270005303,208.519756849043,"Estimable",3.13748121569505e-05,"loc_12"
"267","geno_14",2009.1208448385,193.292390405327,"Estimable",4.70106507507856e-05,"loc_12"
"268","geno_15",2150.73189825995,197.443454638473,"Estimable",4.09797163554987e-05,"loc_12"
"269","geno_16",1883.45712297348,195.885864658019,"Estimable",4.50758679846131e-05,"loc_12"
"270","geno_17",2320.83573672058,201.005285948478,"Estimable",3.83323178839413e-05,"loc_12"
"271","geno_18",2109.33384467163,195.338135348178,"Estimable",4.50643014450339e-05,"loc_12"
"272","geno_19",1891.123487778,198.053627299534,"Estimable",4.32420992868949e-05,"loc_12"
"273","geno_20",1963.86259849514,198.732775149841,"Estimable",4.25452822966699e-05,"loc_12"
"274","geno_21",1995.17028715824,196.577235407196,"Estimable",4.31917055731549e-05,"loc_12"
"275","geno_22",1902.97121206672,192.43562860616,"Estimable",4.73090434866005e-05,"loc_12"
"276","geno_23",1757.95491763453,203.487798785925,"Estimable",3.52554097831721e-05,"loc_12"
"277","geno_01",5739.68920891285,314.430304014082,"Estimable",1.30710094132583e-05,"loc_13"
"278","geno_02",4874.22432370141,312.141019543786,"Estimable",1.41365528716776e-05,"loc_13"
"279","geno_03",6643.97554139355,306.420071197046,"Estimable",1.40988504725211e-05,"loc_13"
"280","geno_04",5533.97809395315,315.01249070233,"Estimable",1.35835633696124e-05,"loc_13"
"281","geno_05",6240.92398363075,311.543137756769,"Estimable",1.36260558072201e-05,"loc_13"
"282","geno_06",5747.96092029738,309.915190532001,"Estimable",1.45593574575019e-05,"loc_13"
"283","geno_07",6309.2414730213,302.781943185649,"Estimable",1.4594171416103e-05,"loc_13"
"284","geno_08",5772.69094160025,309.394598523568,"Estimable",1.41051272479671e-05,"loc_13"
"285","geno_09",5708.88031950804,305.982387484897,"Estimable",1.41269180514605e-05,"loc_13"
"286","geno_10",5981.48285929397,307.824202252775,"Estimable",1.40482308210278e-05,"loc_13"
"287","geno_11",5231.85393892817,309.167782714669,"Estimable",1.28591023148556e-05,"loc_13"
"288","geno_12",6350.14017160465,313.040081901224,"Estimable",1.27843308866753e-05,"loc_13"
"289","geno_13",5571.34544345985,324.595613763449,"Estimable",1.13378661706995e-05,"loc_13"
"290","geno_14",5760.60551760001,308.471039814618,"Estimable",1.45038623902639e-05,"loc_13"
"291","geno_15",6207.01908604989,309.904474442089,"Estimable",1.32254137704501e-05,"loc_13"
"292","geno_16",5727.48498572638,308.556821157782,"Estimable",1.41399367824601e-05,"loc_13"
"293","geno_17",5664.99443711023,309.25177692824,"Estimable",1.31107477533725e-05,"loc_13"
"294","geno_18",6471.8959915071,301.927241284308,"Estimable",1.41432325362112e-05,"loc_13"
"295","geno_19",6071.34564431156,306.861417919792,"Estimable",1.37307116693795e-05,"loc_13"
"296","geno_20",5868.96945949996,310.747359482601,"Estimable",1.35956461634042e-05,"loc_13"
"297","geno_21",5749.08063569214,306.539846851644,"Estimable",1.3715025111991e-05,"loc_13"
"298","geno_22",5227.39578422968,303.100515048416,"Estimable",1.4585920535685e-05,"loc_13"
"299","geno_23",6240.36754726532,313.293796554965,"Estimable",1.22602673856584e-05,"loc_13"
"300","geno_01",3630.39471502794,348.83727904893,"Estimable",9.88230477841818e-06,"loc_14"
"301","geno_02",3769.05923981639,349.457208621613,"Estimable",9.99097613541939e-06,"loc_14"
"302","geno_03",3432.05714530611,346.466118004815,"Estimable",9.99097613541938e-06,"loc_14"
"303","geno_04",3245.38753389904,352.310792368307,"Estimable",9.88900428444192e-06,"loc_14"
"304","geno_05",3276.57348229311,350.131110682669,"Estimable",9.88900428444192e-06,"loc_14"
"305","geno_06",3213.81702651313,351.405579004299,"Estimable",9.88900428444192e-06,"loc_14"
"306","geno_07",3592.70895916309,346.154264809252,"Estimable",9.99097613541939e-06,"loc_14"
"307","geno_08",3655.96071227325,349.431823042934,"Estimable",9.99097613541938e-06,"loc_14"
"308","geno_09",3573.66449368916,348.186291186048,"Estimable",9.96018303513964e-06,"loc_14"
"309","geno_10",3498.77037829181,349.98022899189,"Estimable",9.84726127550038e-06,"loc_14"
"310","geno_11",4194.7892301917,350.635272131912,"Estimable",9.49260204451046e-06,"loc_14"
"311","geno_12",3427.32238397909,351.922805335594,"Estimable",9.53376503802613e-06,"loc_14"
"312","geno_13",3483.63431281123,352.699583958084,"Estimable",9.75976281349241e-06,"loc_14"
"313","geno_14",3394.73014523875,351.937142376508,"Estimable",9.88900424507065e-06,"loc_14"
"314","geno_15",4190.78188667127,348.656880811705,"Estimable",9.96018518138145e-06,"loc_14"
"315","geno_16",3205.08182920231,349.557951945689,"Estimable",9.99097828869684e-06,"loc_14"
"316","geno_17",3595.02736195758,347.892080120129,"Estimable",9.99097828869684e-06,"loc_14"
"317","geno_18",3241.95100043979,346.342840487946,"Estimable",9.96018518138145e-06,"loc_14"
"318","geno_19",3101.5356978575,349.183250555089,"Estimable",9.75976281349241e-06,"loc_14"
"319","geno_20",2956.61719793278,349.995407497445,"Estimable",9.88900424507066e-06,"loc_14"
"320","geno_21",3028.47783489997,347.314715519854,"Estimable",9.85181899493347e-06,"loc_14"
"321","geno_22",3445.3307995459,346.510837107824,"Estimable",9.88230739597171e-06,"loc_14"
"322","geno_23",3176.19931967605,347.847122738492,"Estimable",9.75976306064606e-06,"loc_14"
"323","geno_01",2709.91967373267,164.8256089607,"Estimable",5.46386634616992e-05,"loc_15"
"324","geno_02",2643.39937080534,165.092375218284,"Estimable",5.52399508410826e-05,"loc_15"
"325","geno_03",2763.86292810465,165.268543713378,"Estimable",5.51902701962062e-05,"loc_15"
"326","geno_04",2736.52227871625,163.578477073949,"Estimable",5.60093110397866e-05,"loc_15"
"327","geno_05",2670.00396235277,163.749976161504,"Estimable",5.59581001022028e-05,"loc_15"
"328","geno_06",2695.37106960864,163.557269871331,"Estimable",5.60095712962093e-05,"loc_15"
"329","geno_07",2798.56316146852,165.166036632403,"Estimable",5.52399536417456e-05,"loc_15"
"330","geno_08",2719.90894525679,164.905460543572,"Estimable",5.52491510751695e-05,"loc_15"
"331","geno_09",2726.49389466508,165.005323061086,"Estimable",5.52491502876237e-05,"loc_15"
"332","geno_10",2778.81973766991,163.596475807885,"Estimable",5.60070210005742e-05,"loc_15"
"333","geno_11",2708.97682654336,164.093466590956,"Estimable",5.44807371973149e-05,"loc_15"
"334","geno_12",2726.27152066066,164.939088957072,"Estimable",5.49018386226017e-05,"loc_15"
"335","geno_13",2683.78638122752,161.874478317329,"Estimable",5.43975438929449e-05,"loc_15"
"336","geno_14",2725.11232449306,163.725232410353,"Estimable",5.59187286668894e-05,"loc_15"
"337","geno_15",2782.85407602315,162.884231697527,"Estimable",5.54801941414572e-05,"loc_15"
"338","geno_16",2747.22630270395,162.303679027411,"Estimable",5.67917209468377e-05,"loc_15"
"339","geno_17",2683.84623688573,162.382794205515,"Estimable",5.56478632599862e-05,"loc_15"
"340","geno_18",2702.17128053088,161.96731057021,"Estimable",5.68117093554297e-05,"loc_15"
"341","geno_19",2786.03695603636,163.159749890725,"Estimable",5.55067164647419e-05,"loc_15"
"342","geno_20",2707.90572140848,163.455473097092,"Estimable",5.60083697051295e-05,"loc_15"
"343","geno_21",2750.80034745442,162.628683109624,"Estimable",5.54152404940458e-05,"loc_15"
"344","geno_22",2852.93258594137,162.054869287046,"Estimable",5.68277007200351e-05,"loc_15"
"345","geno_23",2657.12339945651,161.901204432978,"Estimable",5.4853144320568e-05,"loc_15"
"346","geno_01",9219.37045176425,418.641674075025,"Estimable",6.23693411745007e-06,"loc_16"
"347","geno_02",9088.98101065432,409.509372694043,"Estimable",6.6106844720107e-06,"loc_16"
"348","geno_03",10267.3098594745,402.113756335984,"Estimable",6.61068447201083e-06,"loc_16"
"349","geno_04",8066.14002893501,401.168181234252,"Estimable",6.61335836725959e-06,"loc_16"
"350","geno_05",10302.1343399013,401.070910869166,"Estimable",6.61335836259956e-06,"loc_16"
"351","geno_06",9071.23381272474,401.224451570387,"Estimable",6.61335520905816e-06,"loc_16"
"352","geno_07",10116.3346249347,400.950111639052,"Estimable",6.6106829011176e-06,"loc_16"
"353","geno_08",9575.58469073882,401.217452848126,"Estimable",6.61068447201162e-06,"loc_16"
"354","geno_09",10334.5551584644,400.791444658111,"Estimable",6.61068447201082e-06,"loc_16"
"355","geno_10",9566.56876341184,401.806828094346,"Estimable",6.61335679808588e-06,"loc_16"
"356","geno_11",9703.0789409616,402.015314844105,"Estimable",6.60870914574153e-06,"loc_16"
"357","geno_12",9547.34910488432,411.079254726127,"Estimable",6.23671528819059e-06,"loc_16"
"358","geno_13",9935.09950357033,429.932581548232,"Estimable",5.55984286279517e-06,"loc_16"
"359","geno_14",10284.3902004495,402.13886568588,"Estimable",6.61335521794758e-06,"loc_16"
"360","geno_15",10554.4378914153,411.258446846774,"Estimable",6.23804393705982e-06,"loc_16"
"361","geno_16",9238.59178292649,401.956449174114,"Estimable",6.61627402956224e-06,"loc_16"
"362","geno_17",10118.1374813005,410.95749534095,"Estimable",6.24147555288529e-06,"loc_16"
"363","geno_18",9598.62942467758,401.364224012103,"Estimable",6.6162740295622e-06,"loc_16"
"364","geno_19",9860.6483663481,410.370014201804,"Estimable",6.29085206773581e-06,"loc_16"
"365","geno_20",10228.6719435787,401.953041424666,"Estimable",6.61335835902052e-06,"loc_16"
"366","geno_21",9156.3881469151,402.665062338283,"Estimable",6.55717959979238e-06,"loc_16"
"367","geno_22",9485.12018911503,401.464878972146,"Estimable",6.61627231527138e-06,"loc_16"
"368","geno_23",9741.00716595611,420.276441207327,"Estimable",5.88162431934641e-06,"loc_16"
"369","geno_01",3513.94226626356,115.741327908816,"Estimable",0.00011776978409862,"loc_17"
"370","geno_02",3129.55822491075,115.595141684107,"Estimable",0.000127914464357705,"loc_17"
"371","geno_03",3842.09088148783,116.451363171982,"Estimable",0.000127914464359455,"loc_17"
"372","geno_04",3920.10058466601,110.7532907984,"Estimable",0.000136618055587941,"loc_17"
"373","geno_05",3656.92574683336,120.872527058454,"Estimable",0.00013661809207652,"loc_17"
"374","geno_06",2919.49657941237,118.559361043615,"Estimable",0.000136617831710651,"loc_17"
"375","geno_07",3567.21079405881,107.637893151104,"Estimable",0.000127914402995176,"loc_17"
"376","geno_08",3799.16509431029,118.442646390597,"Estimable",0.000127914464363058,"loc_17"
"377","geno_09",2790.47596170051,112.020470451142,"Estimable",0.000127914464354895,"loc_17"
"378","geno_10",3450.11237880494,107.12884122295,"Estimable",0.000136617996302754,"loc_17"
"379","geno_11",3109.36737202051,126.917958889322,"Estimable",0.000106566180062099,"loc_17"
"380","geno_12",3731.95347375629,112.432045862208,"Estimable",0.000122041961942095,"loc_17"
"381","geno_13",2816.07531660044,120.766266171329,"Estimable",0.000120464311886951,"loc_17"
"382","geno_14",3123.53863985946,112.904715395307,"Estimable",0.000136617743571271,"loc_17"
"383","geno_15",3862.31450092824,106.967674227095,"Estimable",0.000150707161217866,"loc_17"
"384","geno_16",3702.38187590219,98.0242253194527,"Estimable",0.000194721516130386,"loc_17"
"385","geno_17",3171.87004702212,99.2176237034371,"Estimable",0.000178728468893428,"loc_17"
"386","geno_18",3415.53742543187,94.7302474916709,"Estimable",0.000194721469547168,"loc_17"
"387","geno_19",3274.55017663174,116.179169749581,"Estimable",0.000134422411707217,"loc_17"
"388","geno_20",4276.19860673628,107.681496262025,"Estimable",0.000136617866242276,"loc_17"
"389","geno_21",3600.26032740883,99.7416441670259,"Estimable",0.000156913793469824,"loc_17"
"390","geno_22",3253.37168740401,93.5776039539719,"Estimable",0.000194721217021716,"loc_17"
"391","geno_23",2526.45009584101,128.208474354192,"Estimable",0.000124663815516236,"loc_17"
"392","geno_01",3816.9801471821,148.675566850784,"Estimable",5.65646191615101e-05,"loc_18"
"393","geno_02",2025.16678240242,149.158898833713,"Estimable",5.82831673094235e-05,"loc_18"
"394","geno_03",2596.29286459778,146.572250640635,"Estimable",5.82831673094236e-05,"loc_18"
"395","geno_04",3523.96166174478,146.445514367577,"Estimable",6.48903276971009e-05,"loc_18"
"396","geno_05",2256.64657500645,143.258106999342,"Estimable",6.48903285665626e-05,"loc_18"
"397","geno_06",1851.01150108199,143.356039076725,"Estimable",6.48903364535519e-05,"loc_18"
"398","geno_07",2577.88873722725,148.015445107478,"Estimable",5.82831713781284e-05,"loc_18"
"399","geno_08",2985.06367664071,146.62264667222,"Estimable",5.82831673094222e-05,"loc_18"
"400","geno_09",2352.68632383359,146.116382581823,"Estimable",5.8283167309422e-05,"loc_18"
"401","geno_10",2582.94149275717,143.792503495383,"Estimable",6.48903308296613e-05,"loc_18"
"402","geno_11",2692.13948600199,154.816176532473,"Estimable",5.63374646023627e-05,"loc_18"
"403","geno_12",3005.93629124596,146.362422265412,"Estimable",5.82551929540735e-05,"loc_18"
"404","geno_13",2806.48345626485,145.549621518675,"Estimable",5.93756130501983e-05,"loc_18"
"405","geno_14",2565.66994741281,144.870894107968,"Estimable",6.48903377034748e-05,"loc_18"
"406","geno_15",1934.39274788471,143.179383307931,"Estimable",6.42011768709251e-05,"loc_18"
"407","geno_16",2983.704327544,141.031745704833,"Estimable",7.1863060654849e-05,"loc_18"
"408","geno_17",3207.63583077558,140.413826289666,"Estimable",6.96706789323256e-05,"loc_18"
"409","geno_18",3298.3429867883,143.328113535957,"Estimable",7.18630606548479e-05,"loc_18"
"410","geno_19",3031.25050486894,144.233749594366,"Estimable",6.33428388304768e-05,"loc_18"
"411","geno_20",2181.7193350497,143.054054672318,"Estimable",6.48903244102787e-05,"loc_18"
"412","geno_21",3464.78149620742,140.011217736011,"Estimable",7.80627577345198e-05,"loc_18"
"413","geno_22",3030.20036200353,143.446676014609,"Estimable",7.18630700984188e-05,"loc_18"
"414","geno_23",2753.62044962137,151.297449517321,"Estimable",6.0902426897825e-05,"loc_18"
"415","geno_01",9821.64439058615,160.150557266932,"Estimable",3.89963548978769e-05,"loc_19"
"416","geno_02",8464.48628560126,160.150557547407,"Estimable",3.89963548979048e-05,"loc_19"
"417","geno_03",8758.1159000971,160.150557547407,"Estimable",3.89963548979048e-05,"loc_19"
"418","geno_04",7607.48177901728,160.150557547407,"Estimable",3.89963548979048e-05,"loc_19"
"419","geno_05",8961.37413445548,222.114433929267,"Estimable",2.02766141142918e-05,"loc_19"
"420","geno_06",9963.07367775418,160.150557794497,"Estimable",3.89963548979048e-05,"loc_19"
"421","geno_07",8345.06758890337,160.150557794497,"Estimable",3.89963548979047e-05,"loc_19"
"422","geno_08",8949.65379352915,160.150557794497,"Estimable",3.89963548979048e-05,"loc_19"
"423","geno_09",9676.46847400037,160.150557547407,"Estimable",3.89963548979048e-05,"loc_19"
"424","geno_10",9842.24971660713,160.150557547407,"Estimable",3.89963548979048e-05,"loc_19"
"425","geno_11",9441.84560562792,160.150557547406,"Estimable",3.89963548979048e-05,"loc_19"
"426","geno_12",9442.31412948203,160.150557266932,"Estimable",3.89963548978769e-05,"loc_19"
"427","geno_13",8105.29339977593,160.150557266932,"Estimable",3.89963548978769e-05,"loc_19"
"428","geno_14",9021.77335622765,160.150557547407,"Estimable",3.89963548979048e-05,"loc_19"
"429","geno_15",9497.10641267383,160.150557547406,"Estimable",3.89963548979048e-05,"loc_19"
"430","geno_16",9399.69852379575,160.150557547407,"Estimable",3.89963548979048e-05,"loc_19"
"431","geno_17",8994.61154948925,160.150557266932,"Estimable",3.89963548978769e-05,"loc_19"
"432","geno_18",9056.42806418738,160.150557547406,"Estimable",3.89963548979048e-05,"loc_19"
"433","geno_19",8874.25606317223,160.150557266932,"Estimable",3.89963548978769e-05,"loc_19"
"434","geno_20",8555.80634547188,160.150557547407,"Estimable",3.89963548979048e-05,"loc_19"
"435","geno_21",8511.31713089998,160.15055728987,"Estimable",3.89963548978769e-05,"loc_19"
"436","geno_22",8177.41334252633,160.150557009393,"Estimable",3.89963548978503e-05,"loc_19"
"437","geno_23",9276.53359836773,160.15055728987,"Estimable",3.89963548978769e-05,"loc_19"
"438","geno_01",2981.78743540808,226.891904967092,"Estimable",2.12582270953635e-05,"loc_20"
"439","geno_02",3054.84241777338,226.891906778584,"Estimable",2.12582274279775e-05,"loc_20"
"440","geno_03",2915.8457154463,226.891907482018,"Estimable",2.12582274279775e-05,"loc_20"
"441","geno_04",3118.55737241925,226.351813436216,"Estimable",2.11050620770616e-05,"loc_20"
"442","geno_05",2882.47436708213,226.351812436796,"Estimable",2.11050620770616e-05,"loc_20"
"443","geno_06",2942.64842191539,226.351813811248,"Estimable",2.11050620770616e-05,"loc_20"
"444","geno_07",3092.71579964718,226.891906892151,"Estimable",2.12582274279775e-05,"loc_20"
"445","geno_08",3154.42793960298,226.891906188717,"Estimable",2.12582274279775e-05,"loc_20"
"446","geno_09",3179.80538686325,226.891906302285,"Estimable",2.12582274279775e-05,"loc_20"
"447","geno_10",2748.66828229857,226.351814186278,"Estimable",2.11050620770616e-05,"loc_20"
"448","geno_11",3084.91387280661,226.351811437375,"Estimable",2.11050620770616e-05,"loc_20"
"449","geno_12",2763.85628828507,226.351812811826,"Estimable",2.11050620770616e-05,"loc_20"
"450","geno_13",3027.78868969599,225.781762979585,"Estimable",2.10881023959734e-05,"loc_20"
"451","geno_14",3144.67670743605,225.781762865701,"Estimable",2.10881029770117e-05,"loc_20"
"452","geno_15",3324.1263246301,221.849486648845,"Estimable",2.15596652574938e-05,"loc_20"
"453","geno_16",2872.72289118573,221.849487481705,"Estimable",2.15596652574938e-05,"loc_20"
"454","geno_17",2819.08524590144,221.849487065274,"Estimable",2.15596652574938e-05,"loc_20"
"455","geno_18",3068.24127239596,221.849486648845,"Estimable",2.15596652574938e-05,"loc_20"
"456","geno_19",2899.36549032793,225.781762979585,"Estimable",2.10881023959735e-05,"loc_20"
"457","geno_20",3243.87769176849,225.781762865701,"Estimable",2.10881029770118e-05,"loc_20"
"458","geno_21",2798.12973022367,221.849482748275,"Estimable",2.15596652520258e-05,"loc_20"
"459","geno_22",2709.11808297114,221.849483164704,"Estimable",2.15596652520258e-05,"loc_20"
"460","geno_23",2950.88854098119,225.78175973675,"Estimable",2.10881025666584e-05,"loc_20"
"461","geno_01",3272.78816522288,253.808583578027,"Estimable",2.01942080732531e-05,"loc_21"
"462","geno_02",2516.03491179422,241.934495333682,"Estimable",2.06387607798236e-05,"loc_21"
"463","geno_03",3400.83038641285,246.849421389974,"Estimable",2.06387614559322e-05,"loc_21"
"464","geno_04",2257.6205371572,222.440241948751,"Estimable",2.30500940016832e-05,"loc_21"
"465","geno_05",3166.56153271787,228.124088514089,"Estimable",2.30500936034252e-05,"loc_21"
"466","geno_06",3369.77303166375,226.308473263429,"Estimable",2.30500721200036e-05,"loc_21"
"467","geno_07",3227.89339059817,244.774778482551,"Estimable",2.06387555358352e-05,"loc_21"
"468","geno_08",3178.3488442727,242.212474975966,"Estimable",2.06387629032672e-05,"loc_21"
"469","geno_09",2764.74000833478,248.270950368223,"Estimable",2.06387600581608e-05,"loc_21"
"470","geno_10",3251.99537144546,230.901243358471,"Estimable",2.3050088078853e-05,"loc_21"
"471","geno_11",3048.97036000113,242.807842067535,"Estimable",2.09161605943276e-05,"loc_21"
"472","geno_12",2520.74791273539,236.000468422968,"Estimable",2.13349784439508e-05,"loc_21"
"473","geno_13",3325.2606294627,229.490542648462,"Estimable",2.13977529568973e-05,"loc_21"
"474","geno_14",3184.75343518925,224.931334543397,"Estimable",2.28390938203115e-05,"loc_21"
"475","geno_15",3405.79485646922,215.809811036728,"Estimable",2.40022701501911e-05,"loc_21"
"476","geno_16",3148.50722299125,209.693720096502,"Estimable",2.61866133132761e-05,"loc_21"
"477","geno_17",3361.47680619686,215.289172395426,"Estimable",2.51896342630187e-05,"loc_21"
"478","geno_18",4013.01713528954,213.218513343726,"Estimable",2.6186609333663e-05,"loc_21"
"479","geno_19",2989.25054099959,225.141182916514,"Estimable",2.27906489046667e-05,"loc_21"
"480","geno_20",2659.27454905034,221.934941515515,"Estimable",2.28391058589445e-05,"loc_21"
"481","geno_21",3229.9306332634,207.195000365305,"Estimable",2.89055585898401e-05,"loc_21"
"482","geno_22",3034.13256338495,214.752295191847,"Estimable",2.61866066798446e-05,"loc_21"
"483","geno_23",2799.6837725385,241.173423593083,"Estimable",2.17095684359274e-05,"loc_21"
