"row","col","TRIAL_INSTANCE","trial","gen","block","ibk","resp","id","check","scres"
1,1,9,"loc_01","geno_01",1,1,1275,1,0,-0.730549781713059
1,2,9,"loc_01","geno_02",1,1,1295,2,1,-0.661956894296885
1,3,9,"loc_01","geno_03",1,1,1620,3,0,0.638344965949357
1,4,9,"loc_01","geno_04",1,1,1663,4,0,1.21572258762182
1,5,9,"loc_01","geno_05",1,2,1015,5,0,-2.16877097963532
1,6,9,"loc_01","geno_06",1,2,1450,6,0,0.209144309069099
1,7,9,"loc_01","geno_07",1,2,1465,7,0,0.194974102065258
1,8,9,"loc_01","geno_08",1,2,1943,8,0,2.60670606148817
1,9,9,"loc_01","geno_09",1,3,1285,9,0,-0.139304585133009
1,10,9,"loc_01","geno_10",1,3,950,10,0,-1.64390771495907
1,11,9,"loc_01","geno_11",1,3,1283,11,1,0.289933502250161
1,12,9,"loc_01","geno_12",1,3,1168,12,0,-0.368564977587179
2,1,9,"loc_01","geno_13",1,4,1380,13,0,-0.0315081758529493
2,2,9,"loc_01","geno_14",1,4,1413,14,0,0.177082019041695
2,3,9,"loc_01","geno_15",1,4,1273,15,0,-0.672291598946998
2,4,9,"loc_01","geno_16",1,4,1273,16,1,-0.0480654110637853
2,5,9,"loc_01","geno_17",1,5,1525,17,0,0.622621856828593
2,6,9,"loc_01","geno_18",1,5,1078,18,0,-1.61567673616846
2,7,9,"loc_01","geno_19",1,5,1575,19,0,0.907400696722485
2,8,9,"loc_01","geno_20",1,5,1553,20,1,1.09474323722102
2,9,9,"loc_01","geno_21",1,6,1643,21,0,1.60740647444651
2,10,9,"loc_01","geno_22",1,6,1225,22,0,-0.323150858295417
2,11,9,"loc_01","geno_23",1,6,910,23,0,-1.31697739115067
3,1,9,"loc_01","geno_17",2,1,1648,24,0,0.492936496676783
3,2,9,"loc_01","geno_12",2,1,1740,25,0,1.26285468703976
3,3,9,"loc_01","geno_22",2,1,1330,26,0,-1.16724173492396
3,4,9,"loc_01","geno_05",2,1,1800,27,0,1.76023581677888
3,5,9,"loc_01","geno_10",2,2,1515,28,0,0.320713872597653
3,6,9,"loc_01","geno_16",2,2,1250,29,1,-0.952323182627127
3,7,9,"loc_01","geno_06",2,2,1205,30,0,-0.524219225753997
3,8,9,"loc_01","geno_04",2,2,1218,31,0,-0.803296000260662
3,9,9,"loc_01","geno_18",2,3,1310,32,0,0.261809392931565
3,10,9,"loc_01","geno_21",2,3,1165,33,0,-0.723940394126356
3,11,9,"loc_01","geno_11",2,3,1193,34,1,-0.639190204251486
3,12,9,"loc_01","geno_15",2,3,1498,35,0,1.32983131149291
4,1,9,"loc_01","geno_23",2,4,1208,36,0,-0.816570830796605
4,2,9,"loc_01","geno_09",2,4,1360,37,0,0.0397106761957117
4,3,9,"loc_01","geno_07",2,4,1300,38,0,-0.677039668497519
4,4,9,"loc_01","geno_03",2,4,1438,39,0,0.424652840334575
4,5,9,"loc_01","geno_20",2,5,1253,40,1,-0.884979313787758
4,6,9,"loc_01","geno_14",2,5,1573,41,0,0.620862903074514
4,7,9,"loc_01","geno_08",2,5,1795,42,0,1.53312499570904
4,8,9,"loc_01","geno_02",2,5,1260,43,1,-0.59140429895678
4,9,9,"loc_01","geno_01",2,6,1195,44,0,-0.542513641252409
4,10,9,"loc_01","geno_19",2,6,1505,45,0,0.966337793865099
4,12,9,"loc_01","geno_13",2,6,1018,46,0,-0.659039209599828
1,1,4,"loc_02","geno_01",1,1,3600,47,0,0.878493118932909
1,2,4,"loc_02","geno_02",1,1,2200,48,1,-1.73998763678068
1,3,4,"loc_02","geno_03",1,1,3500,49,0,0.632227450293812
1,4,4,"loc_02","geno_04",1,1,3000,50,0,-0.788475716658807
1,5,4,"loc_02","geno_05",1,2,4000,51,0,0.455226318549497
1,6,4,"loc_02","geno_06",1,2,3100,52,0,-1.42612617778917
1,7,4,"loc_02","geno_07",1,2,5200,53,0,0.548584683822252
1,8,4,"loc_02","geno_08",1,2,6400,54,0,1.75871237808738
1,9,4,"loc_02","geno_09",1,3,5000,55,0,-0.681798112123204
1,10,4,"loc_02","geno_10",1,3,6200,56,0,1.32114213785965
1,11,4,"loc_02","geno_11",1,3,4200,57,1,-1.29334202064756
1,12,4,"loc_02","geno_12",1,3,6200,58,0,1.07974485958674
2,1,4,"loc_02","geno_13",1,4,4000,59,0,-0.679023068210004
2,2,4,"loc_02","geno_14",1,4,3600,60,0,-0.383863711282214
2,3,4,"loc_02","geno_15",1,4,4600,61,0,1.16764911844139
2,4,4,"loc_02","geno_16",1,4,3400,62,1,-0.39371693535583
2,5,4,"loc_02","geno_17",1,5,4000,63,0,-0.772502429799929
2,6,4,"loc_02","geno_18",1,5,4300,64,0,0.1403652965537
2,7,4,"loc_02","geno_19",1,5,4000,65,0,0.241666047539473
2,8,4,"loc_02","geno_20",1,5,4600,66,1,0.175245896980852
2,9,4,"loc_02","geno_21",1,6,4000,67,0,-0.811813753114987
2,10,4,"loc_02","geno_22",1,6,5500,68,0,2.60717100487009
2,11,4,"loc_02","geno_23",1,6,2800,69,0,-2.1240850489735
3,1,4,"loc_02","geno_17",2,1,5000,70,0,1.82366485881233
3,2,4,"loc_02","geno_12",2,1,5000,71,0,1.33200589227337
3,3,4,"loc_02","geno_22",2,1,2500,72,0,-2.06969750354465
3,4,4,"loc_02","geno_05",2,1,2800,73,0,0.198771842456572
3,5,4,"loc_02","geno_10",2,2,3200,74,0,0.132739344888488
3,6,4,"loc_02","geno_16",2,2,2000,75,1,-0.521275649133608
3,7,4,"loc_02","geno_06",2,2,2200,76,0,0.16171258821942
3,8,4,"loc_02","geno_04",2,2,2800,77,0,0.330860950029692
3,9,4,"loc_02","geno_18",2,3,3200,78,0,0.338962226705289
3,10,4,"loc_02","geno_21",2,3,2200,79,0,-0.166121974402313
3,11,4,"loc_02","geno_11",2,3,2000,80,1,0.191125084428547
3,12,4,"loc_02","geno_15",2,3,2400,81,0,-0.655203400189585
4,1,4,"loc_02","geno_23",2,4,1200,82,0,-0.217151318373298
4,2,4,"loc_02","geno_09",2,4,1800,83,0,0.0370988550166798
4,3,4,"loc_02","geno_07",2,4,2200,84,0,-0.0860885337840073
4,4,4,"loc_02","geno_03",2,4,2000,85,0,-0.307464102651386
4,5,4,"loc_02","geno_20",2,5,2050,86,1,0.123558474670098
4,6,4,"loc_02","geno_14",2,5,1600,87,0,0.0239236631509032
4,7,4,"loc_02","geno_08",2,5,2000,88,0,-0.581871952283453
4,8,4,"loc_02","geno_02",2,5,1000,89,1,0.512104192317801
4,9,4,"loc_02","geno_01",2,6,900,90,0,-1.09976878556443
4,10,4,"loc_02","geno_19",2,6,1000,91,0,-1.13666803419862
4,12,4,"loc_02","geno_13",2,6,4200,92,0,2.24235265748096
1,1,NA,"loc_03","geno_01",1,1,2091,93,0,1.35121645965754
1,2,NA,"loc_03","geno_02",1,1,812,94,1,-1.34949176604917
1,3,NA,"loc_03","geno_03",1,1,2254,95,0,-0.254281369967634
1,4,NA,"loc_03","geno_04",1,1,1000,96,0,-0.724121985057709
1,5,NA,"loc_03","geno_05",1,2,2045,97,0,0.280003756827896
1,6,NA,"loc_03","geno_06",1,2,1600,98,0,1.3887859844011
1,7,NA,"loc_03","geno_07",1,2,1094,99,0,-1.64047143171485
1,8,NA,"loc_03","geno_08",1,2,1716,100,0,-0.0352785209393645
1,9,NA,"loc_03","geno_09",1,3,1670,101,0,0.485244566240582
1,10,NA,"loc_03","geno_10",1,3,1666,102,0,0.229261482280852
1,11,NA,"loc_03","geno_11",1,3,834,103,1,0.340670897011077
1,12,NA,"loc_03","geno_12",1,3,2355,104,0,1.36195870599751
2,1,NA,"loc_03","geno_13",1,4,1940,105,0,-0.256986863221584
2,2,NA,"loc_03","geno_14",1,4,1973,106,0,1.83617852780087
2,3,NA,"loc_03","geno_15",1,4,1630,107,0,0.0291003613600334
2,4,NA,"loc_03","geno_16",1,4,969,108,1,-1.53520423924483
2,5,NA,"loc_03","geno_17",1,5,1094,109,0,-0.547643481975109
2,6,NA,"loc_03","geno_18",1,5,1184,110,0,-2.02912174022156
2,7,NA,"loc_03","geno_19",1,5,1853,111,0,1.01157308360758
2,8,NA,"loc_03","geno_20",1,5,1557,112,1,0.13335968124713
2,9,NA,"loc_03","geno_21",1,6,1831,113,0,0.516170248842013
2,10,NA,"loc_03","geno_22",1,6,1591,114,0,0.272676316088124
2,11,NA,"loc_03","geno_23",1,6,1125,115,0,-0.847472914329956
3,1,NA,"loc_03","geno_17",2,1,825,116,0,-1.08098908950645
3,2,NA,"loc_03","geno_12",2,1,2011,117,0,-0.182392876559076
3,3,NA,"loc_03","geno_22",2,1,1650,118,0,-0.270584355109634
3,4,NA,"loc_03","geno_05",2,1,1894,119,0,0.825927685380047
3,5,NA,"loc_03","geno_10",2,2,1570,120,0,0.0638228553392699
3,6,NA,"loc_03","geno_16",2,2,1013,121,1,0.852836315494466
3,7,NA,"loc_03","geno_06",2,2,1296,122,0,-1.18790507457585
3,8,NA,"loc_03","geno_04",2,2,1285,123,0,0.409370745882688
3,9,NA,"loc_03","geno_18",2,3,1660,124,0,1.69012938419866
3,10,NA,"loc_03","geno_21",2,3,1263,125,0,-0.713875602522338
3,11,NA,"loc_03","geno_11",2,3,799,126,1,-1.07618302250989
3,12,NA,"loc_03","geno_15",2,3,1541,127,0,-0.675203254500592
4,1,NA,"loc_03","geno_23",2,4,1708,128,0,0.516875082648288
4,2,NA,"loc_03","geno_09",2,4,1577,129,0,-0.440112773074424
4,3,NA,"loc_03","geno_07",2,4,1928,130,0,1.62651766576033
4,4,NA,"loc_03","geno_03",2,4,1908,131,0,1.24380066624273
4,5,NA,"loc_03","geno_20",2,5,1714,132,1,-0.0339508136561178
4,6,NA,"loc_03","geno_14",2,5,1410,133,0,-1.44043953782553
4,7,NA,"loc_03","geno_08",2,5,1698,134,0,0.450245686340233
4,8,NA,"loc_03","geno_02",2,5,939,135,1,-0.0553318874442101
4,9,NA,"loc_03","geno_01",2,6,1913,136,0,-0.881497055702698
4,10,NA,"loc_03","geno_19",2,6,1850,137,0,-0.215958410710951
4,12,NA,"loc_03","geno_13",2,6,2128,138,0,0.73757521399316
1,1,17,"loc_04","geno_01",1,1,6860,139,0,-0.670420432139692
1,2,17,"loc_04","geno_02",1,1,8693,140,1,0.388663475449057
1,3,17,"loc_04","geno_03",1,1,8863,141,0,0.743952608369275
1,4,17,"loc_04","geno_04",1,1,8620,142,0,0.089753799338669
1,5,17,"loc_04","geno_05",1,2,8340,143,0,0.0631018864826891
1,6,17,"loc_04","geno_06",1,2,8617,144,0,0.622981939946875
1,7,17,"loc_04","geno_07",1,2,9217,145,0,1.5515841508021
1,8,17,"loc_04","geno_08",1,2,6973,146,0,-0.709231657325939
1,9,17,"loc_04","geno_09",1,3,8417,147,0,0.236260293546084
1,10,17,"loc_04","geno_10",1,3,8070,148,0,0.938207127821742
1,11,17,"loc_04","geno_11",1,3,8517,149,1,0.531238121375292
1,12,17,"loc_04","geno_12",1,3,6363,150,0,-0.760121695121822
2,1,17,"loc_04","geno_13",1,4,6270,151,0,-1.40855204422746
2,2,17,"loc_04","geno_14",1,4,9410,152,0,0.79083350283046
2,3,17,"loc_04","geno_15",1,4,8053,153,0,0.137622491860495
2,4,17,"loc_04","geno_16",1,4,8043,154,1,0.182703053710213
2,5,17,"loc_04","geno_17",1,5,8220,155,0,0.784003514203722
2,6,17,"loc_04","geno_18",1,5,6360,156,0,-0.724218949547643
2,7,17,"loc_04","geno_19",1,5,6793,157,0,-0.403377799246866
2,8,17,"loc_04","geno_20",1,5,6637,158,1,-0.522168774823271
2,9,17,"loc_04","geno_21",1,6,7003,159,0,-0.112778748970348
2,10,17,"loc_04","geno_22",1,6,6513,160,0,-0.688141316132343
2,11,17,"loc_04","geno_23",1,6,6140,161,0,-1.1071271296851
3,1,17,"loc_04","geno_17",2,1,9370,162,0,0.73273077004241
3,2,17,"loc_04","geno_12",2,1,9423,163,0,-0.0284371874769206
3,3,17,"loc_04","geno_22",2,1,10003,164,0,1.25818072744186
3,4,17,"loc_04","geno_05",2,1,9503,165,0,0.950803600535285
3,5,17,"loc_04","geno_10",2,2,6013,166,0,-1.68886490817424
3,6,17,"loc_04","geno_16",2,2,6600,167,1,-1.18042662958678
3,7,17,"loc_04","geno_06",2,2,8983,168,0,0.198111001729632
3,8,17,"loc_04","geno_04",2,2,10097,169,0,1.09603683616325
3,9,17,"loc_04","geno_18",2,3,8417,170,0,-0.245292071647457
3,10,17,"loc_04","geno_21",2,3,6490,171,0,-0.835098051393087
3,11,17,"loc_04","geno_11",2,3,9530,172,1,1.37095522015211
3,12,17,"loc_04","geno_15",2,3,5883,173,0,-2.24784583746857
4,1,17,"loc_04","geno_23",2,4,8130,174,0,-0.234256213782743
4,2,17,"loc_04","geno_09",2,4,10217,175,0,1.26015304968235
4,3,17,"loc_04","geno_07",2,4,6943,176,0,-1.78331603819294
4,4,17,"loc_04","geno_03",2,4,7200,177,0,-0.856098454899303
4,5,17,"loc_04","geno_20",2,5,6193,178,1,-0.960793366469408
4,6,17,"loc_04","geno_14",2,5,9647,179,0,1.17217888716377
4,7,17,"loc_04","geno_08",2,5,8803,180,0,0.0682130041698567
4,8,17,"loc_04","geno_02",2,5,9893,181,1,0.340634855181794
4,9,17,"loc_04","geno_01",2,6,10440,182,0,1.68670536811696
4,10,17,"loc_04","geno_19",2,6,5687,183,0,-1.86483110394126
4,12,17,"loc_04","geno_13",2,6,9747,184,0,1.79676334753895
1,1,19,"loc_05","geno_01",1,1,2890,185,0,0.727279519480312
1,2,19,"loc_05","geno_02",1,1,2372,186,1,-0.685661795159868
1,3,19,"loc_05","geno_03",1,1,2503,187,0,0.365231292008806
1,4,19,"loc_05","geno_04",1,1,2162,188,0,0.124060138675838
1,5,19,"loc_05","geno_05",1,2,2997,189,0,1.07692731695863
1,6,19,"loc_05","geno_06",1,2,2395,190,0,0.291010739889183
1,7,19,"loc_05","geno_07",1,2,2188,191,0,-0.380938053142668
1,8,19,"loc_05","geno_08",1,2,2712,192,0,0.442865700218663
1,9,19,"loc_05","geno_09",1,3,1688,193,0,-0.0846314744296849
1,10,19,"loc_05","geno_10",1,3,1752,194,0,-0.905406161278849
1,11,19,"loc_05","geno_11",1,3,1752,195,1,0.153508489672266
1,12,19,"loc_05","geno_12",1,3,1437,196,0,-0.461809745570372
2,1,19,"loc_05","geno_13",1,4,1775,197,0,-1.32650807363011
2,2,19,"loc_05","geno_14",1,4,NA,198,0,3.01252009065428
2,3,19,"loc_05","geno_15",1,4,2455,199,0,-1.19059425832048
2,4,19,"loc_05","geno_16",1,4,2373,200,1,-0.231558445476418
2,5,19,"loc_05","geno_17",1,5,2793,201,0,0.682430878904423
2,6,19,"loc_05","geno_18",1,5,2548,202,0,-0.124312501950984
2,7,19,"loc_05","geno_19",1,5,2082,203,0,-0.352709437699584
2,8,19,"loc_05","geno_20",1,5,1967,204,1,-0.194718671406265
2,9,19,"loc_05","geno_21",1,6,2052,205,0,0.974299253860897
2,10,19,"loc_05","geno_22",1,6,968,206,0,-1.26015703476665
2,11,19,"loc_05","geno_23",1,6,1840,207,0,-0.722414241060517
3,1,19,"loc_05","geno_17",2,1,2602,208,0,0.719691992773509
3,2,19,"loc_05","geno_12",2,1,1485,209,0,-0.833835913383804
3,3,19,"loc_05","geno_22",2,1,1085,210,0,-0.91135873709654
3,4,19,"loc_05","geno_05",2,1,2342,211,0,-0.112923245507767
3,5,19,"loc_05","geno_10",2,2,2448,212,0,0.96597235351411
3,6,19,"loc_05","geno_16",2,2,2453,213,1,0.639034491058913
3,7,19,"loc_05","geno_06",2,2,1960,214,0,-0.689214251743565
3,8,19,"loc_05","geno_04",2,2,1857,215,0,-0.888260119701212
3,9,19,"loc_05","geno_18",2,3,2967,216,0,1.23312044604387
3,10,19,"loc_05","geno_21",2,3,2252,217,0,-1.07787753588597
3,11,19,"loc_05","geno_11",2,3,2323,218,1,-0.51076400669804
3,12,19,"loc_05","geno_15",2,3,3157,219,0,2.09352387290742
4,1,19,"loc_05","geno_23",2,4,2502,220,0,0.962922285767493
4,2,19,"loc_05","geno_09",2,4,1900,221,0,-0.654231795816795
4,3,19,"loc_05","geno_07",2,4,1957,222,0,-0.129945279471786
4,4,19,"loc_05","geno_03",2,4,2280,223,0,0.0984044305730109
4,5,19,"loc_05","geno_20",2,5,1530,224,1,-0.276498005001666
4,6,19,"loc_05","geno_14",2,5,1337,225,0,-2.96905267678916
4,7,19,"loc_05","geno_08",2,5,2220,226,0,0.455579768034268
4,8,19,"loc_05","geno_02",2,5,2372,227,1,1.03155232812141
4,9,19,"loc_05","geno_01",2,6,3258,228,0,0.867010331713786
4,10,19,"loc_05","geno_19",2,6,2595,229,0,0.383796775352215
4,12,19,"loc_05","geno_13",2,6,2025,230,0,-0.0936278356277446
1,1,1,"loc_06","geno_01",1,1,3167,231,0,-2.32375200387985
1,2,1,"loc_06","geno_02",1,1,4500,232,1,0.610703786175423
1,3,1,"loc_06","geno_03",1,1,4333,233,0,-0.184479066930555
1,4,1,"loc_06","geno_04",1,1,4667,234,0,0.0485801758566525
1,5,1,"loc_06","geno_05",1,2,5333,235,0,1.5434726143812
1,6,1,"loc_06","geno_06",1,2,4083,236,0,-1.00719918298963
1,7,1,"loc_06","geno_07",1,2,4167,237,0,-0.494289762118427
1,8,1,"loc_06","geno_08",1,2,5333,238,0,1.09892083786237
1,9,1,"loc_06","geno_09",1,3,4833,239,0,-0.192527232998863
1,10,1,"loc_06","geno_10",1,3,4667,240,0,0.407495904711698
1,11,1,"loc_06","geno_11",1,3,4000,241,1,-0.967871770175416
1,12,1,"loc_06","geno_12",1,3,4833,242,0,0.745794816145067
2,1,1,"loc_06","geno_13",1,4,5667,243,0,1.81203215465318
2,2,1,"loc_06","geno_14",1,4,5333,244,0,0.74718806223207
2,3,1,"loc_06","geno_15",1,4,4000,245,0,-0.918926137552337
2,4,1,"loc_06","geno_16",1,4,3833,246,1,-0.821289192921254
2,5,1,"loc_06","geno_17",1,5,4167,247,0,-0.826182952131233
2,6,1,"loc_06","geno_18",1,5,4500,248,0,0.573937445798472
2,7,1,"loc_06","geno_19",1,5,4000,249,0,-1.43551367057044
2,8,1,"loc_06","geno_20",1,5,5833,250,1,1.26208352536865
2,9,1,"loc_06","geno_21",1,6,5800,251,0,1.1590303423616
2,10,1,"loc_06","geno_22",1,6,4667,252,0,-0.589701536824221
2,11,1,"loc_06","geno_23",1,6,4333,253,0,-0.243764428342965
3,1,1,"loc_06","geno_17",2,1,3333,254,0,-1.92790958842708
3,2,1,"loc_06","geno_12",2,1,4167,255,0,-0.0220596706520019
3,3,1,"loc_06","geno_22",2,1,4167,256,0,-0.136644931185761
3,4,1,"loc_06","geno_05",2,1,4833,257,0,0.405749816552429
3,5,1,"loc_06","geno_10",2,2,5500,258,0,1.62813593852208
3,6,1,"loc_06","geno_16",2,2,4333,259,1,-0.746833823910982
3,7,1,"loc_06","geno_06",2,2,4333,260,0,-0.0137665425474389
3,8,1,"loc_06","geno_04",2,2,5333,261,0,0.648196162591476
3,9,1,"loc_06","geno_18",2,3,5167,262,0,0.113323590758547
3,10,1,"loc_06","geno_21",2,3,4833,263,0,0.696368662189696
3,11,1,"loc_06","geno_11",2,3,3833,264,1,-1.39433338825175
3,12,1,"loc_06","geno_15",2,3,5000,265,0,1.28935476000301
4,1,1,"loc_06","geno_23",2,4,5167,266,0,0.89102947519493
4,2,1,"loc_06","geno_09",2,4,5000,267,0,0.6903471341322
4,3,1,"loc_06","geno_07",2,4,3833,268,0,-1.17093222358921
4,4,1,"loc_06","geno_03",2,4,4133,269,0,-0.383019401362053
4,5,1,"loc_06","geno_20",2,5,4500,270,1,-0.0886070786742145
4,6,1,"loc_06","geno_14",2,5,4333,271,0,0.178046892251126
4,7,1,"loc_06","geno_08",2,5,3667,272,0,-1.8040265192408
4,8,1,"loc_06","geno_02",2,5,5500,273,1,1.18124993713731
4,9,1,"loc_06","geno_01",2,6,5667,274,0,1.15361907337695
4,10,1,"loc_06","geno_19",2,6,4667,275,0,-0.461575721507404
4,12,1,"loc_06","geno_13",2,6,4167,276,0,-0.882808175029712
1,1,NA,"loc_07","geno_01",1,1,NA,277,0,3.03226073389166
1,2,NA,"loc_07","geno_02",1,1,5208,278,1,-1.66653530881001
1,3,NA,"loc_07","geno_03",1,1,7176,279,0,-0.683029569570597
1,4,NA,"loc_07","geno_04",1,1,6134,280,0,-1.15223862878257
1,5,NA,"loc_07","geno_05",1,2,8681,281,0,0.578815090234768
1,6,NA,"loc_07","geno_06",1,2,7292,282,0,-0.693321408975778
1,7,NA,"loc_07","geno_07",1,2,6319,283,0,-0.540500615227949
1,8,NA,"loc_07","geno_08",1,2,7523,284,0,-0.451522371867781
1,9,NA,"loc_07","geno_09",1,3,5833,285,0,-0.94979224273185
1,10,NA,"loc_07","geno_10",1,3,7917,286,0,1.45547744104075
1,11,NA,"loc_07","geno_11",1,3,5903,287,1,-0.641712424587936
1,12,NA,"loc_07","geno_12",1,3,7639,288,0,0.691259433043477
2,1,NA,"loc_07","geno_13",1,4,7940,289,0,-0.201698372653726
2,2,NA,"loc_07","geno_14",1,4,7870,290,0,0.572341211004406
2,3,NA,"loc_07","geno_15",1,4,8218,291,0,0.459003276519416
2,4,NA,"loc_07","geno_16",1,4,7593,292,1,0.245809789337908
2,5,NA,"loc_07","geno_17",1,5,8912,293,0,1.95259914366383
2,6,NA,"loc_07","geno_18",1,5,6296,294,0,-1.46005614377343
2,7,NA,"loc_07","geno_19",1,5,7407,295,0,0.418398455482751
2,8,NA,"loc_07","geno_20",1,5,5856,296,1,-0.801469373031739
2,9,NA,"loc_07","geno_21",1,6,6296,297,0,0.282282743044066
2,10,NA,"loc_07","geno_22",1,6,5347,298,0,-1.35062774571304
2,11,NA,"loc_07","geno_23",1,6,7616,299,0,1.05668276759178
3,1,NA,"loc_07","geno_17",2,1,8611,300,0,-0.692145348594159
3,2,NA,"loc_07","geno_12",2,1,8171,301,0,-0.186593760747304
3,3,NA,"loc_07","geno_22",2,1,7176,302,0,0.283612637331021
3,4,NA,"loc_07","geno_05",2,1,9144,303,0,0.797653798252045
3,5,NA,"loc_07","geno_10",2,2,7222,304,0,-1.19855548317053
3,6,NA,"loc_07","geno_16",2,2,7940,305,1,0.190743836857452
3,7,NA,"loc_07","geno_06",2,2,8403,306,0,1.18018117145385
3,8,NA,"loc_07","geno_04",2,2,6713,307,0,0.157083862797096
3,9,NA,"loc_07","geno_18",2,3,8056,308,0,1.48668803901036
3,10,NA,"loc_07","geno_21",2,3,6134,309,0,-1.11743961892421
3,11,NA,"loc_07","geno_11",2,3,6296,310,1,-0.377843474945313
3,12,NA,"loc_07","geno_15",2,3,8264,311,0,0.620050530812587
4,1,NA,"loc_07","geno_23",2,4,7917,312,0,-0.475379883043924
4,2,NA,"loc_07","geno_09",2,4,6759,313,0,-0.148076524347938
4,3,NA,"loc_07","geno_07",2,4,6759,314,0,-0.301737784385206
4,4,NA,"loc_07","geno_03",2,4,7685,315,0,0.632025332330567
4,5,NA,"loc_07","geno_20",2,5,6759,316,1,0.0300070664604978
4,6,NA,"loc_07","geno_14",2,5,7361,317,0,-0.244799165024645
4,7,NA,"loc_07","geno_08",2,5,8403,318,0,1.29191912998093
4,8,NA,"loc_07","geno_02",2,5,5139,319,1,-0.637579559431955
4,9,NA,"loc_07","geno_01",2,6,6366,320,0,-2.37951716044887
4,10,NA,"loc_07","geno_19",2,6,7292,321,0,-0.0158947703624639
4,12,NA,"loc_07","geno_13",2,6,7986,322,0,1.02627215428315
1,1,18,"loc_08","geno_01",1,1,7158,323,0,-0.621261403326408
1,2,18,"loc_08","geno_02",1,1,7172,324,1,-0.0465567015297685
1,3,18,"loc_08","geno_03",1,1,6806,325,0,-0.824846653823122
1,4,18,"loc_08","geno_04",1,1,6658,326,0,0.260392275139665
1,5,18,"loc_08","geno_05",1,2,8072,327,0,-0.295644511039107
1,6,18,"loc_08","geno_06",1,2,7853,328,0,-0.0635159911118673
1,7,18,"loc_08","geno_07",1,2,7744,329,0,-0.0408749363529663
1,8,18,"loc_08","geno_08",1,2,8106,330,0,0.779134233355601
1,9,18,"loc_08","geno_09",1,3,7011,331,0,-0.83444466493146
1,10,18,"loc_08","geno_10",1,3,8439,332,0,-0.123853748166407
1,11,18,"loc_08","geno_11",1,3,8403,333,1,0.0429855013713002
1,12,18,"loc_08","geno_12",1,3,8708,334,0,1.60516301752594
2,1,18,"loc_08","geno_13",1,4,6956,335,0,-1.36823607246392
2,2,18,"loc_08","geno_14",1,4,8878,336,0,1.90934774137385
2,3,18,"loc_08","geno_15",1,4,9242,337,0,1.61680186338995
2,4,18,"loc_08","geno_16",1,4,7128,338,1,-1.83351996841865
2,5,18,"loc_08","geno_17",1,5,6550,339,0,-1.30856509921549
2,6,18,"loc_08","geno_18",1,5,8261,340,0,1.83292645467366
2,7,18,"loc_08","geno_19",1,5,7903,341,0,0.11344397829749
2,8,18,"loc_08","geno_20",1,5,7306,342,1,-0.72491161119679
2,9,18,"loc_08","geno_21",1,6,6164,343,0,-1.34504085687122
2,10,18,"loc_08","geno_22",1,6,8172,344,0,0.822706977019699
2,11,18,"loc_08","geno_23",1,6,7592,345,0,0.433372019091581
3,1,18,"loc_08","geno_17",2,1,7231,346,0,-0.189423015835611
3,2,18,"loc_08","geno_12",2,1,7792,347,0,-1.07266688449106
3,3,18,"loc_08","geno_22",2,1,8150,348,0,-0.155834337852155
3,4,18,"loc_08","geno_05",2,1,8675,349,0,1.14146908860228
3,5,18,"loc_08","geno_10",2,2,9717,350,0,1.40562654223452
3,6,18,"loc_08","geno_16",2,2,9236,351,1,1.72435099168103
3,7,18,"loc_08","geno_06",2,2,8828,352,0,0.206513131754881
3,8,18,"loc_08","geno_04",2,2,7522,353,0,-1.68514154277619
3,9,18,"loc_08","geno_18",2,3,6886,354,0,-1.80565646956112
3,10,18,"loc_08","geno_21",2,3,6089,355,0,-1.11420538797114
3,11,18,"loc_08","geno_11",2,3,8283,356,1,1.02048632437371
3,12,18,"loc_08","geno_15",2,3,8556,357,0,0.504240108791916
4,1,18,"loc_08","geno_23",2,4,7175,358,0,-0.848653494630327
4,2,18,"loc_08","geno_09",2,4,6764,359,0,-0.684857762160579
4,3,18,"loc_08","geno_07",2,4,7553,360,0,-0.0914390839923826
4,4,18,"loc_08","geno_03",2,4,7761,361,0,0.616833037202393
4,5,18,"loc_08","geno_20",2,5,7761,362,1,0.544430404450006
4,6,18,"loc_08","geno_14",2,5,7789,363,0,-0.881943612203924
4,7,18,"loc_08","geno_08",2,5,7439,364,0,-0.713206618433547
4,8,18,"loc_08","geno_02",2,5,7694,365,1,0.0798408655119441
4,9,18,"loc_08","geno_01",2,6,9389,366,0,1.1071839314148
4,10,18,"loc_08","geno_19",2,6,9219,367,0,0.459460339612502
4,12,18,"loc_08","geno_13",2,6,8611,368,0,0.481020161753752
1,1,NA,"loc_09","geno_01",1,1,980,369,0,0.733220220453052
1,2,NA,"loc_09","geno_02",1,1,1020,370,1,-0.160283059142865
1,3,NA,"loc_09","geno_03",1,1,840,371,0,-0.755980930651905
1,4,NA,"loc_09","geno_04",1,1,910,372,0,0.449872429911876
1,5,NA,"loc_09","geno_05",1,2,990,373,0,-0.0285845423841583
1,6,NA,"loc_09","geno_06",1,2,720,374,0,-1.27529481897794
1,7,NA,"loc_09","geno_07",1,2,820,375,0,-1.51887377222964
1,8,NA,"loc_09","geno_08",1,2,870,376,0,0.0181519395822829
1,9,NA,"loc_09","geno_09",1,3,1120,377,0,2.65908816842869
1,10,NA,"loc_09","geno_10",1,3,1090,378,0,-0.0527817237236146
1,11,NA,"loc_09","geno_11",1,3,1090,379,1,0.0723236306846051
1,12,NA,"loc_09","geno_12",1,3,900,380,0,-0.931980857178502
2,1,NA,"loc_09","geno_13",1,4,910,381,0,-1.44458430599975
2,2,NA,"loc_09","geno_14",1,4,900,382,0,-0.923288548510293
2,3,NA,"loc_09","geno_15",1,4,1020,383,0,0.221398019905588
2,4,NA,"loc_09","geno_16",1,4,1100,384,1,1.30382200263921
2,5,NA,"loc_09","geno_17",1,5,1080,385,0,-0.0300535842915638
2,6,NA,"loc_09","geno_18",1,5,1110,386,0,0.0850634165205448
2,7,NA,"loc_09","geno_19",1,5,1080,387,0,2.01024055631226
2,8,NA,"loc_09","geno_20",1,5,1110,388,1,-0.977112528081242
2,9,NA,"loc_09","geno_21",1,6,1140,389,0,1.12054289367943
2,10,NA,"loc_09","geno_22",1,6,990,390,0,0.361737176908408
2,11,NA,"loc_09","geno_23",1,6,920,391,0,-1.08863973113837
3,1,NA,"loc_09","geno_17",2,1,1110,392,0,0.549439045280895
3,2,NA,"loc_09","geno_12",2,1,960,393,0,0.481125794242393
3,3,NA,"loc_09","geno_22",2,1,1000,394,0,-0.36761176896752
3,4,NA,"loc_09","geno_05",2,1,1040,395,0,0.201905735498981
3,5,NA,"loc_09","geno_10",2,2,1100,396,0,0.690012273052111
3,6,NA,"loc_09","geno_16",2,2,1040,397,1,-0.791665587492014
3,7,NA,"loc_09","geno_06",2,2,770,398,0,-0.0752535403483163
3,8,NA,"loc_09","geno_04",2,2,850,399,0,-1.09059701665128
3,9,NA,"loc_09","geno_18",2,3,1120,400,0,0.625835276815932
3,10,NA,"loc_09","geno_21",2,3,1110,401,0,-0.292123718662449
3,11,NA,"loc_09","geno_11",2,3,1100,402,1,0.554007910871247
3,12,NA,"loc_09","geno_15",2,3,1010,403,0,-0.0532614702056003
4,1,NA,"loc_09","geno_23",2,4,990,404,0,0.862424869968173
4,2,NA,"loc_09","geno_09",2,4,990,405,0,-2.31790835675961
4,3,NA,"loc_09","geno_07",2,4,920,406,0,0.876835235921042
4,4,NA,"loc_09","geno_03",2,4,850,407,0,-0.146218468233959
4,5,NA,"loc_09","geno_20",2,5,1210,408,1,1.91377134755902
4,6,NA,"loc_09","geno_14",2,5,960,409,0,0.482783824920984
4,7,NA,"loc_09","geno_08",2,5,910,410,0,-0.580715130859838
4,8,NA,"loc_09","geno_02",2,5,1040,411,1,0.310352044903525
4,9,NA,"loc_09","geno_01",2,6,900,412,0,-1.02038869122686
4,10,NA,"loc_09","geno_19",2,6,950,413,0,-1.81564660956453
4,12,NA,"loc_09","geno_13",2,6,940,414,0,1.11103753645967
1,1,NA,"loc_10","geno_01",1,1,1542,415,0,-0.272015973501958
1,2,NA,"loc_10","geno_02",1,1,1525,416,1,-0.68225978307428
1,3,NA,"loc_10","geno_03",1,1,1692,417,0,0.0260513273203045
1,4,NA,"loc_10","geno_04",1,1,1283,418,0,-0.471310804186932
1,5,NA,"loc_10","geno_05",1,2,1217,419,0,-1.41735696726075
1,6,NA,"loc_10","geno_06",1,2,2025,420,0,0.911484750852414
1,7,NA,"loc_10","geno_07",1,2,1875,421,0,0.486354113773807
1,8,NA,"loc_10","geno_08",1,2,1575,422,0,-0.75169882885828
1,9,NA,"loc_10","geno_09",1,3,1725,423,0,-1.86383441071853
1,10,NA,"loc_10","geno_10",1,3,3283,424,0,1.77338031545196
1,11,NA,"loc_10","geno_11",1,3,3025,425,1,0.527878720748936
1,12,NA,"loc_10","geno_12",1,3,2517,426,0,0.534033219646582
2,1,NA,"loc_10","geno_13",1,4,2817,427,0,0.962548783985165
2,2,NA,"loc_10","geno_14",1,4,3158,428,0,1.76623845325359
2,3,NA,"loc_10","geno_15",1,4,3150,429,0,0.0451103353240039
2,4,NA,"loc_10","geno_16",1,4,2200,430,1,-1.4848354114671
2,5,NA,"loc_10","geno_17",1,5,2267,431,0,-0.703632799666095
2,6,NA,"loc_10","geno_18",1,5,2142,432,0,0.895918583958495
2,7,NA,"loc_10","geno_19",1,5,1683,433,0,-0.761745157760792
2,8,NA,"loc_10","geno_20",1,5,1992,434,1,0.290787889638809
2,9,NA,"loc_10","geno_21",1,6,1642,435,0,-0.638902786335735
2,10,NA,"loc_10","geno_22",1,6,2075,436,0,-0.0926255919924904
2,11,NA,"loc_10","geno_23",1,6,3025,437,0,0.926443257618028
3,1,NA,"loc_10","geno_17",2,1,3200,438,0,2.19710318944186
3,2,NA,"loc_10","geno_12",2,1,1950,439,0,-0.999669312692963
3,3,NA,"loc_10","geno_22",2,1,2083,440,0,-0.405864043981531
3,4,NA,"loc_10","geno_05",2,1,2025,441,0,0.169638192077327
3,5,NA,"loc_10","geno_10",2,2,1917,442,0,-0.376213485378569
3,6,NA,"loc_10","geno_16",2,2,1850,443,1,1.18294583283992
3,7,NA,"loc_10","geno_06",2,2,1325,444,0,-1.13589360088478
3,8,NA,"loc_10","geno_04",2,2,1292,445,0,-0.483323149112441
3,9,NA,"loc_10","geno_18",2,3,1700,446,0,-1.36560009553293
3,10,NA,"loc_10","geno_21",2,3,1450,447,0,-1.09500934482671
3,11,NA,"loc_10","geno_11",2,3,2767,448,1,1.00441475485074
3,12,NA,"loc_10","geno_15",2,3,3117,449,0,1.97071748599694
4,1,NA,"loc_10","geno_23",2,4,3317,450,0,1.44053924329834
4,2,NA,"loc_10","geno_09",2,4,2158,451,0,0.502076644106829
4,3,NA,"loc_10","geno_07",2,4,2067,452,0,-0.907695743953924
4,4,NA,"loc_10","geno_03",2,4,2475,453,0,0.165023695411942
4,5,NA,"loc_10","geno_20",2,5,1292,454,1,-0.79125559714238
4,6,NA,"loc_10","geno_14",2,5,1417,455,0,-1.30395955715702
4,7,NA,"loc_10","geno_08",2,5,1558,456,0,0.294371108353327
4,8,NA,"loc_10","geno_02",2,5,1858,457,1,0.870345909353963
4,9,NA,"loc_10","geno_01",2,6,1608,458,0,0.151335927508886
4,10,NA,"loc_10","geno_19",2,6,1417,459,0,0.00994378183244063
4,12,NA,"loc_10","geno_13",2,6,1317,460,0,-1.12548212211097
1,1,2,"loc_11","geno_01",1,1,1008,461,0,-1.38463514969754
1,2,2,"loc_11","geno_02",1,1,1324,462,1,-0.681808714623169
1,3,2,"loc_11","geno_03",1,1,1488,463,0,1.58062232399278
1,4,2,"loc_11","geno_04",1,1,1273,464,0,-1.10280073435188
1,5,2,"loc_11","geno_05",1,2,1086,465,0,-1.10094842605947
1,6,2,"loc_11","geno_06",1,2,1831,466,0,1.11558738807052
1,7,2,"loc_11","geno_07",1,2,1416,467,0,0.512241085317155
1,8,2,"loc_11","geno_08",1,2,1629,468,0,0.372017547286083
1,9,2,"loc_11","geno_09",1,3,1116,469,0,-0.97540803374284
1,10,2,"loc_11","geno_10",1,3,1537,470,0,0.709303300719506
1,11,2,"loc_11","geno_11",1,3,1884,471,1,1.04367813544836
1,12,2,"loc_11","geno_12",1,3,898,472,0,-1.36072943515643
2,1,2,"loc_11","geno_13",1,4,1733,473,0,0.415558868099989
2,2,2,"loc_11","geno_14",1,4,1429,474,0,-0.485648518129349
2,3,2,"loc_11","geno_15",1,4,1708,475,0,1.13403436179025
2,4,2,"loc_11","geno_16",1,4,1429,476,1,-0.675421237210229
2,5,2,"loc_11","geno_17",1,5,1363,477,0,-0.787486513561679
2,6,2,"loc_11","geno_18",1,5,1473,478,0,0.0942811437956547
2,7,2,"loc_11","geno_19",1,5,1351,479,0,-0.559732587018131
2,8,2,"loc_11","geno_20",1,5,1618,480,1,0.300338408207793
2,9,2,"loc_11","geno_21",1,6,1543,481,0,0.022389442489117
2,10,2,"loc_11","geno_22",1,6,2096,482,0,1.52452280892224
2,11,2,"loc_11","geno_23",1,6,1329,483,0,0.241950898189646
3,1,2,"loc_11","geno_17",2,1,1025,484,0,-0.476398546039618
3,2,2,"loc_11","geno_12",2,1,1335,485,0,0.399274355643537
3,3,2,"loc_11","geno_22",2,1,1492,486,0,0.312390710244572
3,4,2,"loc_11","geno_05",2,1,1273,487,0,-0.221543858075008
3,5,2,"loc_11","geno_10",2,2,1635,488,0,0.793286582507244
3,6,2,"loc_11","geno_16",2,2,1237,489,1,0.336227936239489
3,7,2,"loc_11","geno_06",2,2,1680,490,0,1.07214449790028
3,8,2,"loc_11","geno_04",2,2,1659,491,0,1.67526007438706
3,9,2,"loc_11","geno_18",2,3,910,492,0,-1.39496883556526
3,10,2,"loc_11","geno_21",2,3,1069,493,0,-0.650817670076334
3,11,2,"loc_11","geno_11",2,3,1878,494,1,0.882523739929519
3,12,2,"loc_11","geno_15",2,3,910,495,0,-1.69568327433619
4,1,2,"loc_11","geno_23",2,4,1512,496,0,-0.320795354289353
4,2,2,"loc_11","geno_09",2,4,1543,497,0,0.640997648636318
4,3,2,"loc_11","geno_07",2,4,1702,498,0,-0.171592920432949
4,4,2,"loc_11","geno_03",2,4,904,499,0,-2.91729658416058
4,5,2,"loc_11","geno_20",2,5,1657,500,1,-0.0458491138477792
4,6,2,"loc_11","geno_14",2,5,1653,501,0,0.824531753625354
4,7,2,"loc_11","geno_08",2,5,1688,502,0,0.803011046124846
4,8,2,"loc_11","geno_02",2,5,1600,503,1,0.999488084623768
4,9,2,"loc_11","geno_01",2,6,1520,504,0,0.258444084666979
4,10,2,"loc_11","geno_19",2,6,1514,505,0,0.0148853454846877
4,12,2,"loc_11","geno_13",2,6,1329,506,0,-1.35587802346611
1,1,NA,"loc_12","geno_01",1,1,1316,507,0,-0.692056874353941
1,2,NA,"loc_12","geno_02",1,1,1224,508,1,-0.725783257780348
1,3,NA,"loc_12","geno_03",1,1,2026,509,0,-0.234350074989651
1,4,NA,"loc_12","geno_04",1,1,2053,510,0,0.245788086507405
1,5,NA,"loc_12","geno_05",1,2,2132,511,0,-0.790512847093922
1,6,NA,"loc_12","geno_06",1,2,2158,512,0,0.769738008745878
1,7,NA,"loc_12","geno_07",1,2,2211,513,0,-0.423881019398211
1,8,NA,"loc_12","geno_08",1,2,3342,514,0,2.57545769446712
1,9,NA,"loc_12","geno_09",1,3,1737,515,0,-0.617255164917147
1,10,NA,"loc_12","geno_10",1,3,1737,516,0,-0.840276073300972
1,11,NA,"loc_12","geno_11",1,3,1553,517,1,-0.110415717546698
1,12,NA,"loc_12","geno_12",1,3,1982,518,0,0.226161859007136
2,1,NA,"loc_12","geno_13",1,4,2368,519,0,1.81300878429217
2,2,NA,"loc_12","geno_14",1,4,1955,520,0,0.163985950017027
2,3,NA,"loc_12","geno_15",1,4,1729,521,0,-0.915949229853486
2,4,NA,"loc_12","geno_16",1,4,1316,522,1,-1.09375315698363
2,5,NA,"loc_12","geno_17",1,5,2024,523,0,0.51453072637304
2,6,NA,"loc_12","geno_18",1,5,1853,524,0,0.187230043679585
2,7,NA,"loc_12","geno_19",1,5,1645,525,0,-0.345854203507163
2,8,NA,"loc_12","geno_20",1,5,1758,526,1,-0.206973973022958
2,9,NA,"loc_12","geno_21",1,6,2092,527,0,0.370206912508506
2,10,NA,"loc_12","geno_22",1,6,2139,528,0,1.3574760273517
2,11,NA,"loc_12","geno_23",1,6,1626,529,0,-1.10864513230514
3,1,NA,"loc_12","geno_17",2,1,2737,530,0,0.94743229547444
3,2,NA,"loc_12","geno_12",2,1,2368,531,0,0.199339603367191
3,3,NA,"loc_12","geno_22",2,1,1921,532,0,-1.8674432123014
3,4,NA,"loc_12","geno_05",2,1,2474,533,0,1.04683826365798
3,5,NA,"loc_12","geno_10",2,2,2500,534,0,0.855776046162164
3,6,NA,"loc_12","geno_16",2,2,2184,535,1,0.463489279436552
3,7,NA,"loc_12","geno_06",2,2,1724,536,0,-1.83107708369708
3,8,NA,"loc_12","geno_04",2,2,2539,537,0,0.970612096284612
3,9,NA,"loc_12","geno_18",2,3,2263,538,0,0.196483062372454
3,10,NA,"loc_12","geno_21",2,3,2026,539,0,-0.470018984824574
3,11,NA,"loc_12","geno_11",2,3,1868,540,1,-1.02014902537731
3,12,NA,"loc_12","geno_15",2,3,2684,541,0,1.69275180278709
4,1,NA,"loc_12","geno_23",2,4,1579,542,0,-0.262318853212533
4,2,NA,"loc_12","geno_09",2,4,1579,543,0,-0.594610784859788
4,3,NA,"loc_12","geno_07",2,4,1789,544,0,-0.775311022598649
4,4,NA,"loc_12","geno_03",2,4,2974,545,0,2.24580984895269
4,5,NA,"loc_12","geno_20",2,5,2158,546,1,-0.0515913411554514
4,6,NA,"loc_12","geno_14",2,5,2053,547,0,-0.21415442930401
4,7,NA,"loc_12","geno_08",2,5,2579,548,0,-0.122204882686514
4,8,NA,"loc_12","geno_02",2,5,1842,549,1,0.0905719156954665
4,9,NA,"loc_12","geno_01",2,6,1868,550,0,0.409359641326944
4,10,NA,"loc_12","geno_19",2,6,1618,551,0,-0.234906566691322
4,12,NA,"loc_12","geno_13",2,6,1474,552,0,-1.52869025393588
1,1,NA,"loc_13","geno_01",1,1,5798,553,0,1.29087707679578
1,2,NA,"loc_13","geno_02",1,1,3887,554,1,-2.06042617595781
1,3,NA,"loc_13","geno_03",1,1,5899,555,0,-1.1102585484473
1,4,NA,"loc_13","geno_04",1,1,4869,556,0,-0.817783726560516
1,5,NA,"loc_13","geno_05",1,2,6846,557,0,0.693584017608649
1,6,NA,"loc_13","geno_06",1,2,6126,558,0,-0.839582474679017
1,7,NA,"loc_13","geno_07",1,2,7769,559,0,2.78058239363487
1,8,NA,"loc_13","geno_08",1,2,6299,560,0,-0.299725475614714
1,9,NA,"loc_13","geno_09",1,3,6019,561,0,-0.347164492482923
1,10,NA,"loc_13","geno_10",1,3,6351,562,0,1.27776059262829
1,11,NA,"loc_13","geno_11",1,3,5357,563,1,-0.497060387231554
1,12,NA,"loc_13","geno_12",1,3,6280,564,0,-0.278288354841754
2,1,NA,"loc_13","geno_13",1,4,5661,565,0,-0.413289139425183
2,2,NA,"loc_13","geno_14",1,4,5637,566,0,0.391346822342438
2,3,NA,"loc_13","geno_15",1,4,6369,567,0,0.867917510222846
2,4,NA,"loc_13","geno_16",1,4,5417,568,1,-0.766857971771106
2,5,NA,"loc_13","geno_17",1,5,5893,569,0,0.449183322050043
2,6,NA,"loc_13","geno_18",1,5,6315,570,0,0.0455506834236021
2,7,NA,"loc_13","geno_19",1,5,6315,571,0,-0.217914822650853
2,8,NA,"loc_13","geno_20",1,5,5667,572,1,-0.206269475250726
2,9,NA,"loc_13","geno_21",1,6,5720,573,0,0.665457803030363
2,10,NA,"loc_13","geno_22",1,6,4815,574,0,-1.47519864340581
2,11,NA,"loc_13","geno_23",1,6,6280,575,0,1.0423339386897
3,1,NA,"loc_13","geno_17",2,1,5637,576,0,-0.930576970714403
3,2,NA,"loc_13","geno_12",2,1,7101,577,0,1.51426868758561
3,3,NA,"loc_13","geno_22",2,1,5292,578,0,-0.0165331316882816
3,4,NA,"loc_13","geno_05",2,1,6839,579,0,0.135993821849928
3,5,NA,"loc_13","geno_10",2,2,5821,580,0,-1.02994236813467
3,6,NA,"loc_13","geno_16",2,2,5952,581,1,0.431875871235306
3,7,NA,"loc_13","geno_06",2,2,6202,582,0,0.573199229219002
3,8,NA,"loc_13","geno_04",2,2,5804,583,0,0.0481108944671985
3,9,NA,"loc_13","geno_18",2,3,6738,584,0,1.37673049225727
3,10,NA,"loc_13","geno_21",2,3,5512,585,0,-0.916730101397151
3,11,NA,"loc_13","geno_11",2,3,4762,586,1,-0.936933196441476
3,12,NA,"loc_13","geno_15",2,3,5964,587,0,0.00206047241591299
4,1,NA,"loc_13","geno_23",2,4,6089,588,0,-0.0357151058476561
4,2,NA,"loc_13","geno_09",2,4,5893,589,0,0.0409427983174719
4,3,NA,"loc_13","geno_07",2,4,5911,590,0,-1.71774037053062
4,4,NA,"loc_13","geno_03",2,4,7714,591,0,2.92373156810647
4,5,NA,"loc_13","geno_20",2,5,5869,592,1,0.233663832049368
4,6,NA,"loc_13","geno_14",2,5,5530,593,0,-0.592957527509111
4,7,NA,"loc_13","geno_08",2,5,5625,594,0,0.0917579647981692
4,8,NA,"loc_13","geno_02",2,5,4429,595,1,-0.260191737776538
4,9,NA,"loc_13","geno_01",2,6,5071,596,0,-1.54895648345908
4,10,NA,"loc_13","geno_19",2,6,5780,597,0,0.759042959778263
4,12,NA,"loc_13","geno_13",2,6,5185,598,0,-0.176352271635861
1,1,3,"loc_14","geno_01",1,1,3992,599,0,0.617691800700071
1,2,3,"loc_14","geno_02",1,1,3950,600,1,0.594176542092684
1,3,3,"loc_14","geno_03",1,1,4208,601,0,1.04634197479708
1,4,3,"loc_14","geno_04",1,1,3217,602,0,-0.607203363928875
1,5,3,"loc_14","geno_05",1,2,2500,603,0,-0.906542759125882
1,6,3,"loc_14","geno_06",1,2,2600,604,0,-0.61301467823073
1,7,3,"loc_14","geno_07",1,2,3100,605,0,-0.145517582494913
1,8,3,"loc_14","geno_08",1,2,3850,606,0,1.10125847569425
1,9,3,"loc_14","geno_09",1,3,2675,607,0,-0.641173897584773
1,10,3,"loc_14","geno_10",1,3,3167,608,0,-0.700280629996758
1,11,3,"loc_14","geno_11",1,3,3817,609,1,0.909447321584687
1,12,3,"loc_14","geno_12",1,3,2958,610,0,-0.195378744698099
2,1,3,"loc_14","geno_13",1,4,3750,611,0,-0.170546374246279
2,2,3,"loc_14","geno_14",1,4,3238,612,0,-0.985731773195995
2,3,3,"loc_14","geno_15",1,4,5033,613,0,0.791851960045036
2,4,3,"loc_14","geno_16",1,4,3792,614,1,0.957933943857038
2,5,3,"loc_14","geno_17",1,5,3683,615,0,0.235342408613811
2,6,3,"loc_14","geno_18",1,5,3425,616,0,0.304945166404303
2,7,3,"loc_14","geno_19",1,5,3092,617,0,-0.270542373495822
2,8,3,"loc_14","geno_20",1,5,3333,618,1,-0.0216636663209511
2,9,3,"loc_14","geno_21",1,6,2250,619,0,-1.00397634898548
2,10,3,"loc_14","geno_22",1,6,4117,620,0,1.9650508746292
2,11,3,"loc_14","geno_23",1,6,2083,621,0,-2.269248018535
3,1,3,"loc_14","geno_17",2,1,3642,622,0,0.306128511598888
3,2,3,"loc_14","geno_12",2,1,3350,623,0,0.106580337315729
3,3,3,"loc_14","geno_22",2,1,2250,624,0,-1.9499392740187
3,4,3,"loc_14","geno_05",2,1,2825,625,0,0.268388119820667
3,5,3,"loc_14","geno_10",2,2,3183,626,0,0.880219011465489
3,6,3,"loc_14","geno_16",2,2,2033,627,1,-1.85996173433781
3,7,3,"loc_14","geno_06",2,2,2625,628,0,-0.254838135029598
3,8,3,"loc_14","geno_04",2,2,2908,629,0,-0.138741415432332
3,9,3,"loc_14","geno_18",2,3,3042,630,0,-1.08229141299853
3,10,3,"loc_14","geno_21",2,3,2850,631,0,-0.596504811370232
3,11,3,"loc_14","geno_11",2,3,5475,632,1,1.95541462022617
3,12,3,"loc_14","geno_15",2,3,5583,633,0,1.96505529023641
4,1,3,"loc_14","geno_23",2,4,4483,634,0,1.21015508484966
4,2,3,"loc_14","geno_09",2,4,4783,635,0,1.10090591531059
4,3,3,"loc_14","geno_07",2,4,4167,636,0,0.683592112756264
4,4,3,"loc_14","geno_03",2,4,3558,637,0,-1.10812521614195
4,5,3,"loc_14","geno_20",2,5,2317,638,1,-1.79335648072152
4,6,3,"loc_14","geno_14",2,5,3505,639,0,0.787177736295811
4,7,3,"loc_14","geno_08",2,5,3525,640,0,-0.337820063348396
4,8,3,"loc_14","geno_02",2,5,4133,641,1,0.585373616871214
4,9,3,"loc_14","geno_01",2,6,3550,642,0,0.0573374959413444
4,10,3,"loc_14","geno_19",2,6,2575,643,0,-1.04320688675167
4,12,3,"loc_14","geno_13",2,6,4158,644,0,0.302599492577559
1,1,8,"loc_15","geno_01",1,1,2706,645,0,-0.0566860351401624
1,2,8,"loc_15","geno_02",1,1,1740,646,1,-1.5852479685495
1,3,8,"loc_15","geno_03",1,1,3060,647,0,2.55575058702823
1,4,8,"loc_15","geno_04",1,1,1540,648,0,-1.08261360705881
1,5,8,"loc_15","geno_05",1,2,1980,649,0,-0.406761556440465
1,6,8,"loc_15","geno_06",1,2,2300,650,0,-0.629332305262225
1,7,8,"loc_15","geno_07",1,2,3120,651,0,1.30277877245401
1,8,8,"loc_15","geno_08",1,2,2840,652,0,-0.980967435736263
1,9,8,"loc_15","geno_09",1,3,2840,653,0,-0.399535050893959
1,10,8,"loc_15","geno_10",1,3,3180,654,0,1.1865133949626
1,11,8,"loc_15","geno_11",1,3,2520,655,1,-0.902749593156986
1,12,8,"loc_15","geno_12",1,3,2460,656,0,0.190651865732682
2,1,8,"loc_15","geno_13",1,4,2400,657,0,-1.25657585762233
2,2,8,"loc_15","geno_14",1,4,3660,658,0,-0.213347653424825
2,3,8,"loc_15","geno_15",1,4,4340,659,0,2.68213350049733
2,4,8,"loc_15","geno_16",1,4,4580,660,1,0.814303398787757
2,5,8,"loc_15","geno_17",1,5,3220,661,0,-0.414883800626168
2,6,8,"loc_15","geno_18",1,5,2800,662,0,-0.636858305547108
2,7,8,"loc_15","geno_19",1,5,2860,663,0,0.940279317858609
2,8,8,"loc_15","geno_20",1,5,1420,664,1,-1.12574031546014
2,9,8,"loc_15","geno_21",1,6,1900,665,0,-0.571366584450434
2,10,8,"loc_15","geno_22",1,6,2660,666,0,1.34578189199779
2,11,8,"loc_15","geno_23",1,6,2120,667,0,-1.13275322524376
3,1,8,"loc_15","geno_17",2,1,2737,668,0,-0.875349502210363
3,2,8,"loc_15","geno_12",2,1,2420,669,0,-0.209837932215521
3,3,8,"loc_15","geno_22",2,1,3080,670,0,1.91801831984025
3,4,8,"loc_15","geno_05",2,1,1840,671,0,-1.16205441406259
3,5,8,"loc_15","geno_10",2,2,2420,672,0,0.231890408072122
3,6,8,"loc_15","geno_16",2,2,2420,673,1,-0.328432246486796
3,7,8,"loc_15","geno_06",2,2,2580,674,0,-0.292301225079559
3,8,8,"loc_15","geno_04",2,2,4400,675,0,1.19987173571263
3,9,8,"loc_15","geno_18",2,3,3780,676,0,-0.0512497742557631
3,10,8,"loc_15","geno_21",2,3,3560,677,0,1.16513355659412
3,11,8,"loc_15","geno_11",2,3,3040,678,1,0.326151423490469
3,12,8,"loc_15","geno_15",2,3,1860,679,0,-1.5432833243415
4,1,8,"loc_15","geno_23",2,4,2220,680,0,-1.10676903129942
4,2,8,"loc_15","geno_09",2,4,3020,681,0,0.340609591428725
4,3,8,"loc_15","geno_07",2,4,2920,682,0,0.697225508825284
4,4,8,"loc_15","geno_03",2,4,2560,683,0,-1.54361215590747
4,5,8,"loc_15","geno_20",2,5,3100,684,1,0.634631045185338
4,6,8,"loc_15","geno_14",2,5,3140,685,0,0.130994358495227
4,7,8,"loc_15","geno_08",2,5,3080,686,0,0.731592432348902
4,8,8,"loc_15","geno_02",2,5,1400,687,1,-0.855240676070343
4,9,8,"loc_15","geno_01",2,6,1840,688,0,-0.484750778091584
4,10,8,"loc_15","geno_19",2,6,2560,689,0,0.656416327286609
4,12,8,"loc_15","geno_13",2,6,2980,690,0,-0.122642106829898
1,1,NA,"loc_16","geno_01",1,1,10167,691,0,0.966365274993266
1,2,NA,"loc_16","geno_02",1,1,8595,692,1,-0.472539964308598
1,3,NA,"loc_16","geno_03",1,1,10690,693,0,-0.136133678435688
1,4,NA,"loc_16","geno_04",1,1,7833,694,0,-0.435390067134749
1,5,NA,"loc_16","geno_05",1,2,10500,695,0,-0.635216747739508
1,6,NA,"loc_16","geno_06",1,2,8500,696,0,-1.0206699190168
1,7,NA,"loc_16","geno_07",1,2,10762,697,0,0.00329585595569474
1,8,NA,"loc_16","geno_08",1,2,9000,698,0,-0.519676160154625
1,9,NA,"loc_16","geno_09",1,3,11190,699,0,0.471815048327515
1,10,NA,"loc_16","geno_10",1,3,8976,700,0,-1.13877621590298
1,11,NA,"loc_16","geno_11",1,3,9500,701,1,-0.0407420470160227
1,12,NA,"loc_16","geno_12",1,3,11190,702,0,2.46081997852514
2,1,NA,"loc_16","geno_13",1,4,9905,703,0,0.151605853667918
2,2,NA,"loc_16","geno_14",1,4,11048,704,0,1.41770222447242
2,3,NA,"loc_16","geno_15",1,4,10833,705,0,0.473183288788157
2,4,NA,"loc_16","geno_16",1,4,8952,706,1,-0.798469033711166
2,5,NA,"loc_16","geno_17",1,5,10214,707,0,-0.04711492660336
2,6,NA,"loc_16","geno_18",1,5,10167,708,0,0.914995132802046
2,7,NA,"loc_16","geno_19",1,5,9976,709,0,0.638400918064208
2,8,NA,"loc_16","geno_20",1,5,10786,710,1,0.578895472203113
2,9,NA,"loc_16","geno_21",1,6,8738,711,0,-0.798339690485222
2,10,NA,"loc_16","geno_22",1,6,9571,712,0,-0.891488139870932
2,11,NA,"loc_16","geno_23",1,6,9262,713,0,-1.06251784912648
3,1,NA,"loc_16","geno_17",2,1,11381,714,0,0.824914831243552
3,2,NA,"loc_16","geno_12",2,1,7333,715,0,-2.68063927291394
3,3,NA,"loc_16","geno_22",2,1,10262,716,0,0.509694154965725
3,4,NA,"loc_16","geno_05",2,1,10524,717,0,1.72108068849027
3,5,NA,"loc_16","geno_10",2,2,9905,718,0,0.903401767118832
3,6,NA,"loc_16","geno_16",2,2,8714,719,1,-0.0248378196611463
3,7,NA,"loc_16","geno_06",2,2,9571,720,0,-0.105075096872507
3,8,NA,"loc_16","geno_04",2,2,6524,721,0,-2.49954377539032
3,9,NA,"loc_16","geno_18",2,3,9405,722,0,-1.09108003703421
3,10,NA,"loc_16","geno_21",2,3,9048,723,0,-0.171902290881779
3,11,NA,"loc_16","geno_11",2,3,9310,724,1,0.0495619799417685
3,12,NA,"loc_16","geno_15",2,3,11167,725,0,1.09890523246331
4,1,NA,"loc_16","geno_23",2,4,10286,726,0,1.14237644469946
4,2,NA,"loc_16","geno_09",2,4,10167,727,0,0.674199731405271
4,3,NA,"loc_16","geno_07",2,4,10214,728,0,0.747958040309849
4,4,NA,"loc_16","geno_03",2,4,10595,729,0,1.15572735445205
4,5,NA,"loc_16","geno_20",2,5,10262,730,1,0.37183113771273
4,6,NA,"loc_16","geno_14",2,5,9810,731,0,-0.36521813450159
4,7,NA,"loc_16","geno_08",2,5,9762,732,0,0.302517455059746
4,8,NA,"loc_16","geno_02",2,5,8857,733,1,-0.598507241761398
4,9,NA,"loc_16","geno_01",2,6,8143,734,0,-1.79775462389297
4,10,NA,"loc_16","geno_19",2,6,9976,735,0,-0.351760638435077
4,12,NA,"loc_16","geno_13",2,6,10071,736,0,0.297953841831051
1,1,5,"loc_17","geno_01",1,1,3390,737,0,0.347268107866475
1,2,5,"loc_17","geno_02",1,1,3133,738,1,0.647296548119635
1,3,5,"loc_17","geno_03",1,1,3508,739,0,-1.20611932713839
1,4,5,"loc_17","geno_04",1,1,3757,740,0,-0.550366630807749
1,5,5,"loc_17","geno_05",1,2,3621,741,0,1.60495498631585
1,6,5,"loc_17","geno_06",1,2,2623,742,0,0.389649726968555
1,7,5,"loc_17","geno_07",1,2,3624,743,0,1.73626544501479
1,8,5,"loc_17","geno_08",1,2,3380,744,0,-1.2506599974963
1,9,5,"loc_17","geno_09",1,3,2627,745,0,-0.510522406477052
1,10,5,"loc_17","geno_10",1,3,3643,746,0,2.11976416416134
1,11,5,"loc_17","geno_11",1,3,2751,747,1,-1.01780774872443
1,12,5,"loc_17","geno_12",1,3,3320,748,0,-1.12608862208315
2,1,5,"loc_17","geno_13",1,4,2942,749,0,0.496846457172351
2,2,5,"loc_17","geno_14",1,4,3306,750,0,-0.625396243713647
2,3,5,"loc_17","geno_15",1,4,3807,751,0,0.925687609074528
2,4,5,"loc_17","geno_16",1,4,3885,752,1,0.796282271500655
2,5,5,"loc_17","geno_17",1,5,3138,753,0,-0.564751618692086
2,6,5,"loc_17","geno_18",1,5,3457,754,0,-0.356242051724316
2,7,5,"loc_17","geno_19",1,5,3355,755,0,-1.5207731058108
2,8,5,"loc_17","geno_20",1,5,4176,756,1,-0.168905127519156
2,9,5,"loc_17","geno_21",1,6,3767,757,0,0.895853522852417
2,10,5,"loc_17","geno_22",1,6,3458,758,0,-0.842384252839289
2,11,5,"loc_17","geno_23",1,6,2552,759,0,-0.364004101365529
3,1,5,"loc_17","geno_17",2,1,3081,760,0,0.313130862129585
3,2,5,"loc_17","geno_12",2,1,3919,761,0,1.49378879987638
3,3,5,"loc_17","geno_22",2,1,3005,762,0,0.67949375770911
3,4,5,"loc_17","geno_05",2,1,3762,763,0,-1.33910989574964
3,5,5,"loc_17","geno_10",2,2,3188,764,0,-2.03877494104365
3,6,5,"loc_17","geno_16",2,2,3661,765,1,-0.49682185534783
3,7,5,"loc_17","geno_06",2,2,2867,766,0,-0.88550991100903
3,8,5,"loc_17","geno_04",2,2,3780,767,0,1.07300984745862
3,9,5,"loc_17","geno_18",2,3,3444,768,0,0.359827581118754
3,10,5,"loc_17","geno_21",2,3,3636,769,0,-0.65121613974988
3,11,5,"loc_17","geno_11",2,3,3146,770,1,0.703761267839733
3,12,5,"loc_17","geno_15",2,3,3409,771,0,-0.414364581157685
4,1,5,"loc_17","geno_23",2,4,2571,772,0,-0.776142060790167
4,2,5,"loc_17","geno_09",2,4,3229,773,0,-0.303608822642849
4,3,5,"loc_17","geno_07",2,4,3393,774,0,-1.55372028123363
4,4,5,"loc_17","geno_03",2,4,4310,775,0,1.7121775121463
4,5,5,"loc_17","geno_20",2,5,4336,776,1,1.13402718279818
4,6,5,"loc_17","geno_14",2,5,3244,777,0,0.32432916625877
4,7,5,"loc_17","geno_08",2,5,4163,778,0,1.71695679460733
4,8,5,"loc_17","geno_02",2,5,3097,779,1,-0.971206005960621
4,9,5,"loc_17","geno_01",2,6,3743,780,0,-0.220351569961255
4,10,5,"loc_17","geno_19",2,6,3617,781,0,1.39299052885555
4,12,5,"loc_17","geno_13",2,6,2588,782,0,-1.17475461045469
1,1,NA,"loc_18","geno_01",1,1,3900,783,0,1.17674720728855
1,2,NA,"loc_18","geno_02",1,1,2008,784,1,0.241521104880829
1,3,NA,"loc_18","geno_03",1,1,2375,785,0,-0.882102825632344
1,4,NA,"loc_18","geno_04",1,1,3258,786,0,-0.790201471832398
1,5,NA,"loc_18","geno_05",1,2,2208,787,0,-1.50529685359362
1,6,NA,"loc_18","geno_06",1,2,2025,788,0,0.570954366471775
1,7,NA,"loc_18","geno_07",1,2,2500,789,0,0.655060225822351
1,8,NA,"loc_18","geno_08",1,2,2950,790,0,-0.0194077500811438
1,9,NA,"loc_18","geno_09",1,3,2242,791,0,-0.438911056030873
1,10,NA,"loc_18","geno_10",1,3,2325,792,0,-1.51854908897836
1,11,NA,"loc_18","geno_11",1,3,2667,793,1,0.353386786795919
1,12,NA,"loc_18","geno_12",1,3,2958,794,0,0.243995445537214
2,1,NA,"loc_18","geno_13",1,4,2675,795,0,0.00970983277078111
2,2,NA,"loc_18","geno_14",1,4,2500,796,0,-0.0675229514799682
2,3,NA,"loc_18","geno_15",1,4,1833,797,0,0.394308260163297
2,4,NA,"loc_18","geno_16",1,4,2883,798,1,-1.12844895358425
2,5,NA,"loc_18","geno_17",1,5,3617,799,0,2.32753249762459
2,6,NA,"loc_18","geno_18",1,5,3608,800,0,0.798799558498452
2,7,NA,"loc_18","geno_19",1,5,2733,801,0,-1.64602769341695
2,8,NA,"loc_18","geno_20",1,5,2167,802,1,-0.125898147290321
2,9,NA,"loc_18","geno_21",1,6,3508,803,0,0.799121308443805
2,10,NA,"loc_18","geno_22",1,6,3003,804,0,0.262939883615618
2,11,NA,"loc_18","geno_23",1,6,2742,805,0,0.315278106806845
3,1,NA,"loc_18","geno_17",2,1,2892,806,0,-1.91588440061634
3,2,NA,"loc_18","geno_12",2,1,2958,807,0,0.00977437636735767
3,3,NA,"loc_18","geno_22",2,1,3025,808,0,-0.00147518891617513
3,4,NA,"loc_18","geno_05",2,1,2500,809,0,1.00368244170782
3,5,NA,"loc_18","geno_10",2,2,3100,810,0,1.33529772727189
3,6,NA,"loc_18","geno_16",2,2,3408,811,1,1.33875917461197
3,7,NA,"loc_18","geno_06",2,2,1667,812,0,-1.44434500095852
3,8,NA,"loc_18","geno_04",2,2,3692,813,0,1.5121918127459
3,9,NA,"loc_18","geno_18",2,3,3383,814,0,-0.288599873243559
3,10,NA,"loc_18","geno_21",2,3,3600,815,0,-0.131754062236769
3,11,NA,"loc_18","geno_11",2,3,2667,816,1,-0.419815424911757
3,12,NA,"loc_18","geno_15",2,3,1750,817,0,-1.20729090482289
4,1,NA,"loc_18","geno_23",2,4,2567,818,0,-0.321690499310588
4,2,NA,"loc_18","geno_09",2,4,2317,819,0,0.0341052808594052
4,3,NA,"loc_18","geno_07",2,4,2495,820,0,-0.837242718765913
4,4,NA,"loc_18","geno_03",2,4,2792,821,0,0.717006552657579
4,5,NA,"loc_18","geno_20",2,5,2408,822,1,-0.436939662426086
4,6,NA,"loc_18","geno_14",2,5,2767,823,0,-0.12321766014291
4,7,NA,"loc_18","geno_08",2,5,2908,824,0,0.241943633171213
4,8,NA,"loc_18","geno_02",2,5,2008,825,1,-0.960894662765862
4,9,NA,"loc_18","geno_01",2,6,3900,826,0,-0.125411127925225
4,10,NA,"loc_18","geno_19",2,6,3392,827,0,1.92450391930707
4,12,NA,"loc_18","geno_13",2,6,2758,828,0,0.0349250722942939
1,1,NA,"loc_19","geno_01",1,1,9778,829,0,-1.02069780792773
1,2,NA,"loc_19","geno_02",1,1,8629,830,1,-0.346796864624751
1,3,NA,"loc_19","geno_03",1,1,9185,831,0,0.893769032453587
1,4,NA,"loc_19","geno_04",1,1,7814,832,0,-0.324617357186324
1,5,NA,"loc_19","geno_05",1,2,9203,833,0,-2.66418736578877
1,6,NA,"loc_19","geno_06",1,2,10295,834,0,0.700684649016392
1,7,NA,"loc_19","geno_07",1,2,8710,835,0,0.533762438938982
1,8,NA,"loc_19","geno_08",1,2,9047,836,0,-0.555027235151195
1,9,NA,"loc_19","geno_09",1,3,9973,837,0,0.4851165423919
1,10,NA,"loc_19","geno_10",1,3,10175,838,0,0.68081349629325
1,11,NA,"loc_19","geno_11",1,3,9985,839,1,1.55156778219234
1,12,NA,"loc_19","geno_12",1,3,9923,840,0,1.26993538961462
2,1,NA,"loc_19","geno_13",1,4,8438,841,0,0.341631099390471
2,2,NA,"loc_19","geno_14",1,4,9124,842,0,-0.518943782206716
2,3,NA,"loc_19","geno_15",1,4,9560,843,0,-0.603563278801421
2,4,NA,"loc_19","geno_16",1,4,9860,844,1,1.16968962531359
2,5,NA,"loc_19","geno_17",1,5,9195,845,0,-0.0815438235561215
2,6,NA,"loc_19","geno_18",1,5,9161,846,0,-0.501602909798609
2,7,NA,"loc_19","geno_19",1,5,9073,847,0,-0.112451422285757
2,8,NA,"loc_19","geno_20",1,5,8998,848,1,0.923328585340636
2,9,NA,"loc_19","geno_21",1,6,8580,849,0,-0.769841486412157
2,10,NA,"loc_19","geno_22",1,6,8285,850,0,-0.659553731035423
2,11,NA,"loc_19","geno_23",1,6,9396,851,0,-0.391471668364813
3,1,NA,"loc_19","geno_17",2,1,8795,852,0,0.059435700679466
3,2,NA,"loc_19","geno_12",2,1,9023,853,0,-0.844021452400332
3,3,NA,"loc_19","geno_22",2,1,7960,854,0,-0.180336059602078
3,4,NA,"loc_19","geno_05",2,1,NA,855,0,3.24944088410889
3,5,NA,"loc_19","geno_10",2,2,9625,856,0,0.145322145368898
3,6,NA,"loc_19","geno_16",2,2,8995,857,1,-0.786420997404401
3,7,NA,"loc_19","geno_06",2,2,9763,858,0,0.246361850755385
3,8,NA,"loc_19","geno_04",2,2,7214,859,0,-1.08561044219099
3,9,NA,"loc_19","geno_18",2,3,8961,860,0,0.541355906013724
3,10,NA,"loc_19","geno_21",2,3,8378,861,0,0.264094383768474
3,11,NA,"loc_19","geno_11",2,3,8960,862,1,-1.1261222400143
3,12,NA,"loc_19","geno_15",2,3,9503,863,0,1.08430927728725
4,1,NA,"loc_19","geno_23",2,4,9196,864,0,0.651487566997199
4,2,NA,"loc_19","geno_09",2,4,9473,865,0,0.175119498627192
4,3,NA,"loc_19","geno_07",2,4,7893,866,0,-1.20587736921602
4,4,NA,"loc_19","geno_03",2,4,8300,867,0,-1.15254106244504
4,5,NA,"loc_19","geno_20",2,5,8055,868,1,-1.38455469819023
4,6,NA,"loc_19","geno_14",2,5,8924,869,0,0.524017391649757
4,7,NA,"loc_19","geno_08",2,5,8847,870,0,0.487930215165701
4,8,NA,"loc_19","geno_02",2,5,8229,871,1,-0.205814458815966
4,9,NA,"loc_19","geno_01",2,6,9978,872,0,1.82621365502012
4,10,NA,"loc_19","geno_19",2,6,8660,873,0,-0.0300976622891753
4,12,NA,"loc_19","geno_13",2,6,7653,874,0,-1.2536919924581
1,1,NA,"loc_20","geno_01",1,1,3296,875,0,0.215968718201353
1,2,NA,"loc_20","geno_02",1,1,3743,876,1,1.10968216906338
1,3,NA,"loc_20","geno_03",1,1,3310,877,0,0.40702618948574
1,4,NA,"loc_20","geno_04",1,1,3089,878,0,-0.600348098444626
1,5,NA,"loc_20","geno_05",1,2,3147,879,0,0.0963707569347821
1,6,NA,"loc_20","geno_06",1,2,3209,880,0,0.100696650053658
1,7,NA,"loc_20","geno_07",1,2,3256,881,0,-0.144744692915193
1,8,NA,"loc_20","geno_08",1,2,4120,882,0,1.77269083058811
1,9,NA,"loc_20","geno_09",1,3,3766,883,0,0.865997406100563
1,10,NA,"loc_20","geno_10",1,3,2306,884,0,-1.57905717542574
1,11,NA,"loc_20","geno_11",1,3,3515,885,1,0.488607656719768
1,12,NA,"loc_20","geno_12",1,3,2515,886,0,-1.11989221742036
2,1,NA,"loc_20","geno_13",1,4,2404,887,0,-1.25626944250708
2,2,NA,"loc_20","geno_14",1,4,3139,888,0,0.210630090222447
2,3,NA,"loc_20","geno_15",1,4,3321,889,0,0.218708697417595
2,4,NA,"loc_20","geno_16",1,4,2463,890,1,-0.755246204148896
2,5,NA,"loc_20","geno_17",1,5,2185,891,0,-1.29268138403359
2,6,NA,"loc_20","geno_18",1,5,3194,892,0,0.527436693384979
2,7,NA,"loc_20","geno_19",1,5,2812,893,0,0.0167655945434234
2,8,NA,"loc_20","geno_20",1,5,3276,894,1,0.300333298622136
2,9,NA,"loc_20","geno_21",1,6,3237,895,0,1.27745821968021
2,10,NA,"loc_20","geno_22",1,6,1986,896,0,-1.50595023498824
2,11,NA,"loc_20","geno_23",1,6,3137,897,0,0.665778523701317
3,1,NA,"loc_20","geno_17",2,1,2914,898,0,-0.0208645979687846
3,2,NA,"loc_20","geno_12",2,1,2615,899,0,-0.598206934267017
3,3,NA,"loc_20","geno_22",2,1,2541,900,0,-0.649502439204283
3,4,NA,"loc_20","geno_05",2,1,2600,901,0,-0.914764948507237
3,5,NA,"loc_20","geno_10",2,2,2745,902,0,-0.254241316075874
3,6,NA,"loc_20","geno_16",2,2,2915,903,1,-0.14666947186837
3,7,NA,"loc_20","geno_06",2,2,2851,904,0,-0.462677320157532
3,8,NA,"loc_20","geno_04",2,2,3886,905,0,1.57261730090193
3,9,NA,"loc_20","geno_18",2,3,3201,906,0,0.0695787958489954
3,10,NA,"loc_20","geno_21",2,3,1753,907,0,-2.74552694545375
3,11,NA,"loc_20","geno_11",2,3,3285,908,1,0.22847932452961
3,12,NA,"loc_20","geno_15",2,3,4405,909,0,2.33553513456396
4,1,NA,"loc_20","geno_23",2,4,2392,910,0,-0.965773019932935
4,2,NA,"loc_20","geno_09",2,4,3272,911,0,0.584790824640683
4,3,NA,"loc_20","geno_07",2,4,3329,912,0,0.929940708113117
4,4,NA,"loc_20","geno_03",2,4,2355,913,0,-0.979491497768768
4,5,NA,"loc_20","geno_20",2,5,3777,914,1,1.62577839885538
4,6,NA,"loc_20","geno_14",2,5,3398,915,0,0.961761104703691
4,7,NA,"loc_20","geno_08",2,5,2786,916,0,-0.518579045861898
4,8,NA,"loc_20","geno_02",2,5,2645,917,1,-0.617782621185849
4,9,NA,"loc_20","geno_01",2,6,2712,918,0,-0.282296227694632
4,10,NA,"loc_20","geno_19",2,6,2449,919,0,-0.708227862979186
4,12,NA,"loc_20","geno_13",2,6,3525,920,0,1.54055568242923
1,1,16,"loc_21","geno_01",1,1,4103,921,0,0.811276264514332
1,2,16,"loc_21","geno_02",1,1,2755,922,1,-0.603439201526668
1,3,16,"loc_21","geno_03",1,1,3897,923,0,0.129076802112438
1,4,16,"loc_21","geno_04",1,1,2280,924,0,-1.83790456031986
1,5,16,"loc_21","geno_05",1,2,3794,925,0,0.520649700279821
1,6,16,"loc_21","geno_06",1,2,4151,926,0,2.03102242570563
1,7,16,"loc_21","geno_07",1,2,3797,927,0,1.25798324054912
1,8,16,"loc_21","geno_08",1,2,3590,928,0,-1.31507722598959
1,9,16,"loc_21","geno_09",1,3,3266,929,0,-0.321796517360213
1,10,16,"loc_21","geno_10",1,3,4057,930,0,0.468731628127386
1,11,16,"loc_21","geno_11",1,3,3378,931,1,-0.472582177466463
1,12,16,"loc_21","geno_12",1,3,2979,932,0,0.0503240419788844
2,1,16,"loc_21","geno_13",1,4,3295,933,0,0.326825673929603
2,2,16,"loc_21","geno_14",1,4,3041,934,0,-0.818109180409582
2,3,16,"loc_21","geno_15",1,4,4076,935,0,2.05259622732476
2,4,16,"loc_21","geno_16",1,4,2961,936,1,-0.9913500301987
2,5,16,"loc_21","geno_17",1,5,3517,937,0,0.145189280167935
2,6,16,"loc_21","geno_18",1,5,4029,938,0,1.78663871361546
2,7,16,"loc_21","geno_19",1,5,3488,939,0,0.593440279620302
2,8,16,"loc_21","geno_20",1,5,2045,940,1,-2.30677345971969
2,9,16,"loc_21","geno_21",1,6,3210,941,0,-1.05695983357344
2,10,16,"loc_21","geno_22",1,6,2728,942,0,-0.21174136089076
2,11,16,"loc_21","geno_23",1,6,2768,943,0,-0.385503141312431
3,1,16,"loc_21","geno_17",2,1,3791,944,0,0.513725000317971
3,2,16,"loc_21","geno_12",2,1,2161,945,0,-1.49422395458294
3,3,16,"loc_21","geno_22",2,1,3105,946,0,0.0662770475341473
3,4,16,"loc_21","geno_05",2,1,3148,947,0,-0.318336519939752
3,5,16,"loc_21","geno_10",2,2,3023,948,0,-0.0633561391697853
3,6,16,"loc_21","geno_16",2,2,3636,949,1,1.11023158210622
3,7,16,"loc_21","geno_06",2,2,2549,950,0,-1.28106638736214
3,8,16,"loc_21","geno_04",2,2,2855,951,0,-0.312830711184443
3,9,16,"loc_21","geno_18",2,3,4020,952,0,0.450811569271493
3,10,16,"loc_21","geno_21",2,3,3846,953,0,1.38218144432773
3,11,16,"loc_21","geno_11",2,3,3206,954,1,0.36359347204317
3,12,16,"loc_21","geno_15",2,3,2963,955,0,-1.32023886327046
4,1,16,"loc_21","geno_23",2,4,2671,956,0,-0.375852493630572
4,2,16,"loc_21","geno_09",2,4,3081,957,0,-0.523548315908314
4,3,16,"loc_21","geno_07",2,4,3109,958,0,-0.91509547531748
4,4,16,"loc_21","geno_03",2,4,3725,959,0,0.676417315284556
4,5,16,"loc_21","geno_20",2,5,3139,960,1,1.2433409604975
4,6,16,"loc_21","geno_14",2,5,3146,961,0,1.07684842152047
4,7,16,"loc_21","geno_08",2,5,4152,962,0,1.54915321264663
4,8,16,"loc_21","geno_02",2,5,2028,963,1,-0.927290744450477
4,9,16,"loc_21","geno_01",2,6,3546,964,0,-0.350460568353219
4,10,16,"loc_21","geno_19",2,6,2615,965,0,-0.869770145988034
4,12,16,"loc_21","geno_13",2,6,3732,966,0,0.266706694996715
